id,name,price,size,material,selling,photo_name,link,scene
46560822712,小身形和室椅 兒童滾輪凳靠背椅 矮凳迷你沙發 滑輪椅哺乳椅 榻榻米椅 拆快遞椅 迷你單人沙發小戶型地板椅 白日夢想家具店,999.0,,,小戶型 滑輪,https://s-cf-tw.shopeesz.com/file/tw-11134207-820lg-mofkmmo8uia554,https://shopee.tw/product/179481064/46560822712,客廳
42631026300,化妝凳 穿鞋凳 圓凳 格柵曲木凳 換鞋凳 沙發矮凳 原木風化妝凳 侘寂風穿鞋凳小凳子 梳妝椅 化妝椅 白日夢想家具店,1496.0,45cm,原木 木 竹,,https://s-cf-tw.shopeesz.com/file/sg-11134201-822wq-mofim8ygzc3xba,https://shopee.tw/product/179481064/42631026300,客廳
45810770113,化妝凳 換鞋凳 穿鞋凳 圓凳 沙發矮凳 梳妝椅 化妝椅奶油風化妝凳 造型蘑菇椅 質感羊羔絨矮凳 韓系 ins 風小圓凳,899.0,,絨 羊羔絨,,https://s-cf-tw.shopeesz.com/file/tw-11134207-820le-moe6dqcjeqdd38,https://shopee.tw/product/179481064/45810770113,客廳
53460736116,化妝凳 圓凳 換鞋凳 穿鞋凳 梳妝椅 化妝椅 沙發矮凳 蘑菇椅 羊羔絨矮凳 加厚麵包坐墊矮凳 多功能穿鞋凳,1899.0,,絨 羊羔絨,多功能,https://s-cf-tw.shopeesz.com/file/tw-11134207-820l5-moe22y0vryto63,https://shopee.tw/product/179481064/53460736116,客廳
55410540275,中古風木質化妝凳 圓凳 實木小凳子 穿鞋凳 梳妝椅 化妝椅 沙發矮凳 造型凳 房間椅子 換鞋凳 馬鞍造型椅 實木矮凳,2590.0,,實木 木,,https://s-cf-tw.shopeesz.com/file/sg-11134201-822xd-mo97ot2fwyyp28,https://shopee.tw/product/179481064/55410540275,客廳
48710429856,化妝凳 圓凳 穿鞋凳 沙發矮凳 小椅子 圓筒凳 臥室收納凳 換鞋凳 布藝圓凳 梳妝凳小圓凳 臥室邊凳 矮凳白日夢想家具店,999.0,,布,,https://s-cf-tw.shopeesz.com/file/tw-11134207-820ld-moe0njizrgn4b5,https://shopee.tw/product/179481064/48710429856,客廳
45660563934,直徑35小圓桌 小直徑圓桌迷你邊几 沙發邊桌小茶几圓形小桌子 床頭桌 側邊桌 迷你咖啡桌 薄底座邊几 Y型桌可插入沙發底,990.0,直徑30cm,,,https://s-cf-tw.shopeesz.com/file/tw-11134207-820la-moc6623xj8qzc9,https://shopee.tw/product/179481064/45660563934,書房
49110567676,小茶几 邊几 沙發邊桌 側邊桌超薄底座邊几 不規則鵝卵石桌 可插入沙發底 筆電工作桌 設計師款造型邊几 白日夢想家具店,950.0,直徑40cm,,,https://s-cf-tw.shopeesz.com/file/tw-11134207-820la-moc49nzpea6h16,https://shopee.tw/product/179481064/49110567676,書房
29606320102,北歐風鐵桌 奶油風戶外桌 熱賣矮桌 茶几 客廳邊桌 現代簡約邊几 侘寂風 極簡臥室床頭櫃 白日夢想家具店,1590.0,,鐵,北歐 簡約 現代,https://s-cf-tw.shopeesz.com/file/tw-11134207-7r98o-ly6ce77b9d0ed6,https://shopee.tw/product/179481064/29606320102,書房
19540948990,免運!矮凳 客廳小椅子 拼色绒毛椅 羊毛凳 餐廳板凳 圓凳時尚餐桌凳 卧室书房网红可叠放凳子 沙发凳 工業鐵藝餐椅,1850.0,,鐵,,https://s-cf-tw.shopeesz.com/file/tw-11134207-7r98s-m0bqxggazfmb5e,https://shopee.tw/product/179481064/19540948990,客廳
19402653915,免運! 旋轉椅 化妝椅 木餐椅 辦公室椅子 北歐風餐桌椅 電腦椅 書桌椅 白日夢想家具店兒童餐椅 萬向輪椅,1799.0,,木 布,北歐 旋轉,https://s-cf-tw.shopeesz.com/file/6d333404799fbdfd479900f972e2ec6f,https://shopee.tw/product/179481064/19402653915,客廳
19041747642,免運!手工編織椅凳 紙藤編織 矮凳 椅凳 凳子 小矮凳 化妝椅凳 沙發凳 板凳 木紋椅凳 方凳 穿鞋凳,2699.0,,原木 木 藤,,https://s-cf-tw.shopeesz.com/file/d4d4a5a814922828473b5c06a5956d7b,https://shopee.tw/product/179481064/19041747642,客廳
15894304051,開發票鐵桌 茶几 北歐小戶型圓形客廳 白日夢想傢俱店 出租房組合小桌子圓形小茶几 邊几沙發角几邊桌小茶桌,2450.0,,鐵,小戶型 北歐,https://s-cf-tw.shopeesz.com/file/sg-11134201-22110-lch8m9nz0akv86,https://shopee.tw/product/179481064/15894304051,書房
14859125157,可愛動物造型椅 羊毛绒毛穿鞋椅 椅凳 兒童椅 沙發椅凳 兒童房 卡通椅貓咪椅幼稚園 寶寶椅動物小凳子 動物椅矮凳 墊腳凳,1099.0,,,,https://s-cf-tw.shopeesz.com/file/tw-11134207-7rasd-m1z8qmrvsk9130,https://shopee.tw/product/179481064/14859125157,客廳
14782631445,免運!胡桃色木质茶几 泡茶桌 矮桌 簡約北歐圓形茶几 ins茶几木沙發邊桌 白日梦想家具店,1790.0,50x50,原木 木,北歐 簡約,https://s-cf-tw.shopeesz.com/file/sg-11134201-22100-y0a7zqa8f4iv50,https://shopee.tw/product/179481064/14782631445,書房
17908700514,挑戰全網最低🎉穿鞋椅 鞋櫃 穿鞋椅 鞋架 玄關櫃 穿鞋凳  櫻桃木白日夢想家具店 編織換鞋椅繩編 床尾凳 玄關凳,2999.0,70cm,原木 木,,https://s-cf-tw.shopeesz.com/file/tw-11134207-23020-ka2u9iqdn2nvb1,https://shopee.tw/product/179481064/17908700514,客廳
20517257943,免運!陽臺餐椅鐵椅 鏤空餐椅 戶外桌椅 庭院鐵藝網格椅 別墅北歐陽臺公園椅 戶外休閒靠背扶手可風吹雨淋 工業風咖啡廳椅子,999.0,60x60x74cm,鐵,北歐 工業風,https://s-cf-tw.shopeesz.com/file/tw-11134207-7r98y-m06uabk0z4kn7a,https://shopee.tw/product/179481064/20517257943,客廳
21860950123,INS透明免運 雨傘收納架 克萊因藍色亞克力雨傘架 雨傘桶压克力雨傘收納架家用門口瀝水桶商用傘架,999.0,,,,https://s-cf-tw.shopeesz.com/file/sg-11134201-22110-vq66nw4j8mjv23,https://shopee.tw/product/179481064/21860950123,客廳
22290247922,吧台桌陽台桌 奶茶店高桌子 酒吧鐵藝咖啡桌 戶外桌高腳桌 戶外高腳圓桌 高腳吧台桌 陽台高腳咖啡桌 鐵桌 白日夢想家具店,899.0,102cm,鐵,,https://s-cf-tw.shopeesz.com/file/tw-11134207-7r98x-lxqrox3szp687c,https://shopee.tw/product/179481064/22290247922,書房
43104410928,網紅ins風 簡約三斗櫃床頭櫃 - 臥室收納櫃，彩色儲物櫃/沙發邊櫃 抽屜櫃，臥室/客廳/書房通用辦公室文件儲物櫃,2099.0,,,簡約,https://s-cf-tw.shopeesz.com/file/tw-11134207-7rbk3-may47tzw42u055,https://shopee.tw/product/179481064/43104410928,玄關
28307497671,小戶型必備長凳 換鞋凳門口穿鞋凳 高級感臥室沙發床尾凳 試衣間長凳 長椅沙發椅躺椅 白日夢想家具店,2199.0,,,小戶型,https://s-cf-tw.shopeesz.com/file/tw-11134207-7rbka-m7eq3wnb3pgo44,https://shopee.tw/product/179481064/28307497671,客廳
52660304507,Y型設計小圓桌 可插入沙發底 床邊筆電桌 小圓桌 床頭櫃 邊几 沙發邊桌 側邊桌 圓形小茶几 筆電桌 置物架 窄邊桌 迷,1999.0,,,,https://s-cf-tw.shopeesz.com/file/tw-11134207-820la-mo5mkcj5xm9w17,https://shopee.tw/product/179481064/52660304507,書房
52760368884,吧檯椅 高腳凳 圓凳 吧台椅子 工業風高腳椅 咖啡廳高腳椅 圓檯椅 小戶型吧台凳 中島椅 高腳桌椅組合 紅色吧台椅,2450.0,75cm,,小戶型 工業風,https://s-cf-tw.shopeesz.com/file/tw-11134207-820lb-mo5migcub7czae,https://shopee.tw/product/179481064/52760368884,客廳
50410343042,侘寂風黑色實木凳 日式極簡吧台椅 實木吧台椅 黑色方凳 邊几凳 吧台高腳椅沙發邊几 裝飾凳 吧台凳 高腳凳 置物架,1999.0,,實木 木,日式,https://s-cf-tw.shopeesz.com/file/tw-11134207-820li-mo5ioump8wlk66,https://shopee.tw/product/179481064/50410343042,客廳
55010337288,中古風雙層托盤 法式輕奢飾品架 雙層收納架 實木托盤 桌面置物架 飾品收納盤 香水架 鑰匙收納 點心盤 二層架 下午茶盤,649.0,,實木 木,輕奢,https://s-cf-tw.shopeesz.com/file/tw-11134207-820l4-mo500254a1vsf2,https://shopee.tw/product/179481064/55010337288,客廳
51510342413,二層實木展示架 雙層收納架 實木托盤 桌面置物架 飾品收納盤 香水架 鑰匙收納 空間救星 香水展示托盤飾品架 實木質感置,699.0,,實木 木,,https://s-cf-tw.shopeesz.com/file/tw-11134207-820lg-mo51afx13x8m3b,https://shopee.tw/product/179481064/51510342413,客廳
55760313156,收納桶邊几 儲物小茶几 沙發邊桌 托盤圓几 床頭櫃 置物小桌子 垃圾桶邊几 臥室收納桌 帶蓋收納桶邊桌多功能儲物邊几,1690.0,52CM,,多功能,https://s-cf-tw.shopeesz.com/file/tw-11134207-820l6-mo43lgwsaqdf04,https://shopee.tw/product/179481064/55760313156,書房
56510254963,桌面收納架 杯架 咖啡杯收納 置物架 碗盤架 盲盒展示架 辦公室置物架 化妝品收納 香水收納架 多格展示櫃 桌面空間救星,2790.0,,,,https://s-cf-tw.shopeesz.com/file/tw-11134207-820lf-mo2h0150t62p47,https://shopee.tw/product/179481064/56510254963,書房
51760168154,壁掛置物架 鐵藝架 牆面收納架 層架 牆上書架 裝飾架中古風紅色置物架 工業風牆面裝飾 雜誌展示架工業風牆面裝飾 藝術感,2499.0,,鐵,工業風,https://s-cf-tw.shopeesz.com/file/tw-11134207-820l5-mnzocw601mgy50,https://shopee.tw/product/179481064/51760168154,書房
50310167288,奶油黃圓几 小圓桌 邊几 沙發邊桌 小茶几 裝飾桌 圓形邊桌 造型咖啡桌 臥室床頭桌 側邊置物架 客廳小桌子波浪邊桌,2699.0,,,,https://s-cf-tw.shopeesz.com/file/tw-11134207-820lb-mnzmgu9pdkw10d,https://shopee.tw/product/179481064/50310167288,書房
50260159618,韓系 ins 風小茶几 造型床頭櫃 藝術感收納櫃 雜誌架邊几 造型書架 小戶型沙發邊桌 咖啡桌 臥室置物架 藝術擺拍小桌,2699.0,,,小戶型,https://s-cf-tw.shopeesz.com/file/tw-11134207-820lh-mnzhw83708w051,https://shopee.tw/product/179481064/50260159618,書房
45710099231,公仔展示架 盲盒收納架展示櫃 牆面裝飾架 香水架 泡泡瑪特收納 化妝品置物架香氛置物架 藝術造型架 展示櫃,2499.0,,,,https://s-cf-tw.shopeesz.com/file/tw-11134207-820ld-mnxxdnlf67t4cc,https://shopee.tw/product/179481064/45710099231,客廳
43780676657,床頭櫃 奶油風邊櫃 茶几臥室收納櫃 造型置物櫃 沙發邊桌 儲物櫃 迷你床邊桌 拱門設計置物架 韓系空間設計 租屋軟裝,3599.0,,,,https://s-cf-tw.shopeesz.com/file/tw-11134207-820l7-mnxw8zf60nba10,https://shopee.tw/product/179481064/43780676657,書房
22223506980,商業空間家用吧桌 吧檯桌鐵桌 高腳餐桌 休閒桌 接待桌 工作桌 酒吧咖啡廳 圓吧台桌 酒吧桌  LOFT 北歐極簡工業風,2699.0,,木 鐵,北歐 工業風,https://s-cf-tw.shopeesz.com/file/tw-11134207-7r98v-lxntwk85hjjka7,https://shopee.tw/product/179481064/22223506980,書房
51659874886,法式奶油風三層架 鐵藝收納架 韓系 ins 風廚房置物架 桌面收納架 杯架桌面整理架 化妝品收納 香氛架 咖啡吧台架 展,1450.0,,鐵,,https://s-cf-tw.shopeesz.com/file/tw-11134207-820l7-mntfwgg0cc1s3a,https://shopee.tw/product/179481064/51659874886,客廳
51859877155,奶油風雲朵托盤 裝飾盤 桌面收納盤 下午茶點心盤 咖啡托盤 飾品展示盤 香氛底座 送禮推薦 桌面整理架 飾品收納架 香水,999.0,,,,https://s-cf-tw.shopeesz.com/file/tw-11134207-820l7-mntg4ghxznr552,https://shopee.tw/product/179481064/51859877155,客廳
29044722791,雙層化妝品收納架 桌面置物架 托盤 飾品收納盤 刷具架香水收納架 租屋佈置 飾品架 香水展示架梳妝台收納 居家整理 質感,1050.0,,,,https://s-cf-tw.shopeesz.com/file/tw-11134207-820la-mnsevto2je2r39,https://shopee.tw/product/179481064/29044722791,客廳
57659216854,奶油風圓柱邊几床邊桌/茶几/小圓凳｜韓系ins風床頭櫃｜多功能塑膠小圓桌｜多巴胺色彩圓几｜糖果色系邊桌 圓凳小凳子可置物,1650.0,5cm,塑膠,多功能,https://s-cf-tw.shopeesz.com/file/tw-11134207-820l4-mnmdbwojnthfc1,https://shopee.tw/product/179481064/57659216854,書房
52959629293,寵物貓窩邊几 多功能貓咪茶几 沙發邊桌 小圓桌 貓窩床頭櫃 貓咪共生桌 小型茶几 床邊桌 寵物家具 貓咪床 邊桌床頭櫃,1899.0,,,多功能,https://s-cf-tw.shopeesz.com/file/tw-11134207-820li-mnlkvvv3uakhdf,https://shopee.tw/product/179481064/52959629293,書房
29707166282,網紅同款沙發椅 模塊沙發 長凳長椅 入戶換鞋凳換鞋椅 門口家用 輕奢高級感 奶油風長條沙發 床榻床尾凳,2999.0,40x38cm,,輕奢,https://s-cf-tw.shopeesz.com/file/tw-11134207-7r98r-lym71d8xgxysb1,https://shopee.tw/product/179481064/29707166282,客廳
50159426867,50cm 幾何造型邊几｜創意圓形咖啡桌小茶几｜設計師款床頭櫃｜沙發邊桌｜撞色小圓桌｜幾何造型小茶几｜白日夢想家具店,1999.0,50cm,,,https://s-cf-tw.shopeesz.com/file/tw-11134207-820l4-mnfj8d7yr4zq16,https://shopee.tw/product/179481064/50159426867,書房
40780346042,子母茶几組合 圓形大小茶几 沙發邊桌 客廳茶几 小戶型茶几 雙層圓几 小戶型租屋傢俱 子母桌組合茶几多功能茶几,2990.0,直徑60cm,木,小戶型 多功能,https://s-cf-tw.shopeesz.com/file/sg-11134201-820mp-mnfgrey403y9f5,https://shopee.tw/product/179481064/40780346042,書房
47359238057,藝術感水磨石造型塑膠圓几｜波希米亞風邊桌｜藝術感邊几｜極簡圓柱小圓桌角几｜輕量好移動沙發邊桌/床邊桌｜藝術感軟裝擺拍,1799.0,,塑膠,,https://s-cf-tw.shopeesz.com/file/tw-11134207-820lc-mnb4vdck5wjo43,https://shopee.tw/product/179481064/47359238057,書房
46059192020,復古螺旋結構圓形邊几｜法式中古風床頭桌｜中古摩登圓几｜沙發邊几/床邊桌曲線造型邊几｜中古風床頭櫃/擺拍桌,1999.0,,,復古,https://s-cf-tw.shopeesz.com/file/tw-11134207-820ld-mna55v6mbgued5,https://shopee.tw/product/179481064/46059192020,書房
26244647351,金屬圓管造型邊几 小桌子 床頭置物小方桌 創意工業風茶几 復古工業風邊几 輕奢金屬床頭櫃 小茶几 邊几 沙發邊桌造型小桌,2690.0,,金屬,輕奢 工業風 復古,https://s-cf-tw.shopeesz.com/file/tw-11134207-820la-mnbltt9g9zid48,https://shopee.tw/product/179481064/26244647351,書房
40230226352,日式實木 Z 型邊几｜附雜誌收納架｜沙發邊桌/床邊桌｜小戶型租屋空間救星 實木收納邊几｜多功能書報架/咖啡桌,2390.0,,實木 木,小戶型 日式 多功能,https://s-cf-tw.shopeesz.com/file/tw-11134207-820lg-mna56tp20miw6d,https://shopee.tw/product/179481064/40230226352,書房
47209190739,【設計選品】韓國 ins 風磁磚方几｜沙發邊置物架｜藍色馬賽克磁磚邊几｜極簡方塊造型｜床頭桌｜空間美學軟裝｜設計師小方桌,3350.0,,,,https://s-cf-tw.shopeesz.com/file/tw-11134207-820l9-mna1qryi2eiq4c,https://shopee.tw/product/179481064/47209190739,書房
20019212269,免運!INS奶油風邊桌 白色茶几 小圓幾 北歐設計師邊幾 民宿沙發小茶幾 網紅小茶几 手工打磨痕跡藝術侘寂風輕奢邊幾,2199.0,,,輕奢 北歐,https://s-cf-tw.shopeesz.com/file/tw-11134207-7r98y-ly25bk0zxpgw6e,https://shopee.tw/product/179481064/20019212269,書房
29787938787,不銹鋼花朵造型椅 化妝凳 化妝椅 臥室梳妝台專用椅，會客椅等待區招待椅高級感圓形凳，ins風梳妝凳/床頭凳/衣帽間,1199.0,,,,https://s-cf-tw.shopeesz.com/file/tw-11134207-7ra0t-mbdl7v3q8i1k4f,https://shopee.tw/product/179481064/29787938787,客廳
18261185770,奶油風咖啡館邊幾 小茶几ins 圓形矮凳 灰色艺术造型圆形边几 仿水磨石角几 北歐展示桌 床頭櫃 圓 小桌子 床邊桌,2490.0,,,北歐,https://s-cf-tw.shopeesz.com/file/tw-11134207-820l7-mlu947qcsn44e5,https://shopee.tw/product/179481064/18261185770,書房
26018065418,迷你茶几小圓桌 床頭櫃花架 置物高腳架客廳沙發縫 小桌子小戶型邊桌 超小圓桌 直徑20圓桌 愛心桌投影機架子租屋宿舍小桌,999.0,30x20x60cm,木,小戶型,https://s-cf-tw.shopeesz.com/file/sg-11134201-7reon-m2qassjyypk1d9,https://shopee.tw/product/179481064/26018065418,書房
42418325942,高腳椅吧凳 現代簡約酒吧椅 咖啡廳前檯椅 高腳吧台凳 靠背椅 酒吧椅 愛上在家小酌的夜晚,890.0,65cm,,簡約 現代,https://s-cf-tw.shopeesz.com/file/tw-11134207-81zti-megogegxa03kc5,https://shopee.tw/product/179481064/42418325942,客廳
24083511611,北歐金色酒吧台 鐵桌鐵椅小酒吧桌椅 高腳桌高腳椅 高腳圓形酒吧桌椅 北歐吧台桌椅 家用高腳酒吧桌 圓形,699.0,,鐵,北歐,https://s-cf-tw.shopeesz.com/file/tw-11134207-7r98z-lxqml7wgkqhy41,https://shopee.tw/product/179481064/24083511611,書房
21475072248,挑戰全網最低半圓桌 圓桌木桌鐵桌 展示桌小吃店 餐飲店 白色桌奶茶店 ins 網紅咖啡廳甜点店小半圓方桌 小桌子 門市桌,1880.0,,原木 木 鐵,,https://s-cf-tw.shopeesz.com/file/tw-11134207-7rasb-m5smd1cxsgie75,https://shopee.tw/product/179481064/21475072248,書房
29315392695,美式復古抽屜櫃 鐵皮櫃四層五斗櫃 餐邊櫃ins金屬櫃 電視櫃抽屜收納櫃 置物櫃展示櫃鐵櫃 邊櫃儲物櫃櫥櫃 白日夢想家具店,8900.0,,鐵 金屬,復古,https://s-cf-tw.shopeesz.com/file/tw-11134207-7ras9-m1z86o3zgy9x42,https://shopee.tw/product/179481064/29315392695,客廳
17711071104,小凳子門口換鞋凳 穿鞋凳 客廳茶几矮凳 沙發腳凳 網紅板凳玄關單人皮椅凳 皮質矮凳矮凳 沙發矮凳沙發椅-方塊椅,1550.0,,,,https://s-cf-tw.shopeesz.com/file/550592b3e268622058d94336e8dbdb1d,https://shopee.tw/product/179481064/17711071104,客廳
29411447329,小戶型沙發 單人沙發 客廳臥室休閒耐抓沙發 懶人椅 會客椅 接待區 家用接待區沙發椅 舒適皮沙發 白日夢想家具店,1799.0,35cm,,小戶型,https://s-cf-tw.shopeesz.com/file/sg-11134201-7rdx0-m08se8yzzf3if6,https://shopee.tw/product/179481064/29411447329,客廳
28333960277,【復古設計師款】金屬鐵桌邊几 中古窄縫角几 沙發旁/臥室/走廊茶几 小戶型空間救星！邊桌 小桌咖啡桌角幾中古風格,2199.0,,鐵 金屬,小戶型 復古,https://s-cf-tw.shopeesz.com/file/tw-11134207-7rbk8-may6xke5d8ja75,https://shopee.tw/product/179481064/28333960277,書房
20157806144,免運開發票🔥工業高吧桌 吧台桌 鐵桌星巴克 咖啡廳 高腳桌 高腳吧凳 復古鐵藝 酒吧桌 高腳椅高腳桌小圓桌 白日夢,1900.0,,木 鐵 皮革,復古,https://s-cf-tw.shopeesz.com/file/sg-11134201-22120-c2y66striwkvde,https://shopee.tw/product/179481064/20157806144,書房
14056487318,免運！北歐木質麻布餐椅旋轉/化妝椅/電腦椅/書桌椅/木腳椅/旋轉椅靠背椅餐廳寫字桌/電腦桌/辦公桌/書桌/工作桌,1499.0,,木 布,北歐 旋轉,https://s-cf-tw.shopeesz.com/file/c6c5eceba98896325a1cbddb3eb6d254,https://shopee.tw/product/179481064/14056487318,客廳
22727461127,吧台桌鐵桌 高腳桌 北歐風簡約高吧桌 高腳餐桌 休閒桌 工業高吧桌 咖啡廳 高腳桌 高腳吧凳 酒吧桌 高腳椅高腳桌,2050.0,,鐵,北歐 簡約,https://s-cf-tw.shopeesz.com/file/sg-11134201-23020-46pyet6mqynv38,https://shopee.tw/product/179481064/22727461127,書房
43054867462,包豪斯極簡工業風置物架 茶几 金屬風線條邊幾 模塊化拼接茶几 小戶型客廳沙發邊桌/置物架,1290.0,30x30x30cm,鐵 金屬,小戶型 工業風,https://s-cf-tw.shopeesz.com/file/tw-11134207-7ra0k-mb3xfx6rd61ica,https://shopee.tw/product/179481064/43054867462,書房
18475006032,免運🔥透明折疊桌子 亞克力桌 茶几 塑膠防水桌 戶水桌 露營桌 矮桌 水晶折疊桌椅 ins風 小桌子 桌 桌子 便攜桌子,999.0,,塑膠,,https://s-cf-tw.shopeesz.com/file/tw-11134207-23030-kq2hvx8146nvff,https://shopee.tw/product/179481064/18475006032,書房
14328388315,車載紙巾盒車內掛式紙巾套車用收納車用衛生紙盒 吊式衛生紙套 衛生紙盒 衛生紙收納盒防水衛生紙盒防水面紙盒 紙巾盒,269.0,,,,https://s-cf-tw.shopeesz.com/file/e611becf734710b7fe09698f6b3c53b2,https://shopee.tw/product/179481064/14328388315,客廳
8499639865,法式木小茶几 复古做舊民宿客廳咖啡桌 美式loft工業風邊角幾 泡茶臺 茶几桌 茶幾臺 抽屜櫃 泡茶桌 茶幾 角几,4499.0,,木,工業風,https://s-cf-tw.shopeesz.com/file/8696578dce6f3dfad8645387040f9a75,https://shopee.tw/product/179481064/8499639865,書房
21857452853,免運INS風圓桌 餐桌 辦公桌 書桌 化妝桌 工作桌 電腦桌 會議桌 桌 辦公桌 桌子 北歐桌 辦公桌 圓桌,2150.0,,,北歐,https://s-cf-tw.shopeesz.com/file/sg-11134201-22100-5r3dpjwh63ivc6,https://shopee.tw/product/179481064/21857452853,書房
10896892446,雕花鐵椅 酒店露臺防水防曬耐曬 法式復古雕花鐵椅 戶外椅 陽台椅 戶外傢俱 三件套 組合 民宿家具鏤空餐椅,1799.0,,鐵,復古,https://s-cf-tw.shopeesz.com/file/ed4f4615484db0dff4b0f3a24eda6d79,https://shopee.tw/product/179481064/10896892446,客廳
10692296326,蝴蝶椅 Butterfly Stool 日式木邊桌穿鞋凳 椅凳 茶几 凳子梳妆凳小凳子矮凳,2999.0,,原木 木,日式,https://s-cf-tw.shopeesz.com/file/tw-11134207-23020-sgr2yqghbhnv08,https://shopee.tw/product/179481064/10692296326,客廳
14054448071,韓國ins壓克力桌透明桌 小圓桌 商業洽談桌 茶桌 透明小茶几圓形客廳沙發邊角幾移動咖啡桌子,2299.0,,,,https://s-cf-tw.shopeesz.com/file/sg-11134201-22110-sbvcdhv56akvc9,https://shopee.tw/product/179481064/14054448071,書房
13191474219,免運!  INS風馬卡龍 蘑菇茶几 小邊几 床頭桌 床頭櫃小圓桌 圓形茶桌邊桌 戶外陽臺桌,1599.0,,木,,https://s-cf-tw.shopeesz.com/file/tw-11134207-23020-a29pckqebhnv55,https://shopee.tw/product/179481064/13191474219,書房
13190998911,折疊凳子便攜式 折疊椅戶外休閑釣魚椅換鞋方凳 小圓凳美容楠竹椅 按摩椅 美容椅推拿椅 工作椅 診療椅 收納椅省空間,1290.0,,原木 木 竹,,https://s-cf-tw.shopeesz.com/file/tw-11134207-7r98r-ltjlvrwzcqcv89,https://shopee.tw/product/179481064/13190998911,客廳
12998719347,免運🔥換鞋凳 沙發凳 辦公室腳凳 軟包小凳子 網紅腳踏凳 墊腳凳子 踩腳凳 客廳 小凳子 鞋凳 凳子 矮凳,1999.0,,,,https://s-cf-tw.shopeesz.com/file/tw-11134207-7qul9-lfjicbx07a3u85,https://shopee.tw/product/179481064/12998719347,客廳
12378563230,鐵椅板凳椅凳 圓凳 圓形折疊椅 板凳 可疊放高板凳現小椅子餐桌凳方凳 皮革高腳圓凳 客廳臥室小椅子 軟墊椅化妝椅,599.0,,鐵 皮革,,https://s-cf-tw.shopeesz.com/file/sg-11134201-22110-o5yfzaqn8akvf7,https://shopee.tw/product/179481064/12378563230,客廳
12296135937,羊羔絨泰迪熊椅 - 網紅ins甜甜圈造型，民宿/咖啡廳/臥室皆宜，奶油風設計師款餐椅 ins博主推薦款,3150.0,,絨 羊羔絨,,https://s-cf-tw.shopeesz.com/file/6aecc74b9e6a36878110be9574f0c59b,https://shopee.tw/product/179481064/12296135937,客廳
12176032044,北歐設計簡約風椅子亞克力透明餐椅ins網紅水晶椅輕奢風少女化妝椅極簡現代風格 壓克力 絨布圓背 餐椅 鬼椅 透明椅,3499.0,,布 絨,輕奢 北歐 簡約,https://s-cf-tw.shopeesz.com/file/7031bf0b576374317b5ae65880a145c1,https://shopee.tw/product/179481064/12176032044,客廳
12077607918,日式無印風日夢想家具店京都和風 木椅做舊實木休閒椅民宿咖啡廳北歐ins,3050.0,,實木 原木 木,北歐 日式,https://s-cf-tw.shopeesz.com/file/sg-11134201-22120-hwm037e5bllve1,https://shopee.tw/product/179481064/12077607918,客廳
11587344766,實木椅凳邊几木凳換鞋凳 矮凳泡茶椅角几木墩法式鄉村復古美式鄉村做舊實木 白日夢想家具店京都和風 木椅椅凳作舊木椅,2799.0,,實木 原木 木,鄉村 復古,https://s-cf-tw.shopeesz.com/file/sg-11134201-22120-putpsr3mcilv67,https://shopee.tw/product/179481064/11587344766,客廳
14678865440,開發票 免運🔥陽臺戶外桌 鐵桌 小圆桌奶茶店網紅ins風圓桌方桌 小茶几 邊几 床边桌圓餐桌,1750.0,60x60x73cm,鐵,,https://s-cf-tw.shopeesz.com/file/c0cbd68d2ab4cfe8d71d4b78914ca1af,https://shopee.tw/product/179481064/14678865440,書房
14558037959,北歐跳色小圓桌 簡約小茶几 客廳沙發桌 圓形小邊桌 迷你茶几 迷你桌 邊桌 邊几 小邊桌  北歐沙發桌 咖啡桌 小桌子,5900.0,,,北歐 簡約,https://s-cf-tw.shopeesz.com/file/sg-11134201-22110-kpctdavv6akv76,https://shopee.tw/product/179481064/14558037959,書房
14550597013,透明椅子亞克力餐椅服裝店椅ins網紅化妝折疊椅 壓克力椅 水晶餐椅 餐椅 電腦椅 網紅椅辦公椅 化妝椅,999.0,,,,https://s-cf-tw.shopeesz.com/file/b1a7ccb476f98b52a891524542a4cf0c,https://shopee.tw/product/179481064/14550597013,客廳
14255161827,免運🎉手工編織矮凳 法式鄉村風方凳 茶几換鞋凳門口衣帽間穿鞋凳 玄關凳編織凳,1899.0,,木,鄉村,https://s-cf-tw.shopeesz.com/file/sg-11134201-22120-2pfgjp1h1alve2,https://shopee.tw/product/179481064/14255161827,客廳
14183304356,邊幾 幾何小茶几 仿木紋 做舊仿古磨損設計圓形矮凳 泡茶椅 花台 侘寂傢俱民宿擺件 凳子 咖啡廳矮餐椅,3150.0,,木,,https://s-cf-tw.shopeesz.com/file/1aead74c0bf0484e8598009d59f32f7b,https://shopee.tw/product/179481064/14183304356,書房
15954639736,工業風弧面靠背椅/高腳椅/吧台椅/工作椅/餐椅/酒吧椅/升降椅/中島椅/前臺椅酒吧椅/靠背皮革鐵椅高腳凳ins咖啡廳,2300.0,65cm,鐵 皮革,工業風,https://s-cf-tw.shopeesz.com/file/tw-11134207-23020-gbhfzthqy2mv17,https://shopee.tw/product/179481064/15954639736,客廳
15754084748,商用圓桌鐵桌 小圓桌 餐桌 圓茶桌小桌子 沙發桌 白日夢想傢俱店 客廳桌 咖啡桌 展示桌 茶几桌 電話桌 復古床頭櫃,899.0,,鐵,復古,https://s-cf-tw.shopeesz.com/file/sg-11134201-22110-69ov6gx36akv5d,https://shopee.tw/product/179481064/15754084748,書房
15458183716,掛勾 原木掛勾 毛巾架 木頭掛勾 掛架 實木掛鉤 壁掛衣鉤墻壁 掛衣架 門後掛鉤 玄關衣帽排鉤 衣帽架 門後置物架,999.0,,實木 原木 木,,https://s-cf-tw.shopeesz.com/file/cc2d2a12f511b18f2477f6602f808f96,https://shopee.tw/product/179481064/15458183716,玄關
15358800572,櫻桃色北歐風小圓桌 原木茶几 床頭小桌子韓系ins小圓桌 鬱金香圓桌 洽談桌 餐桌桌子白色桌子ins圓桌,2490.0,,原木 木,北歐,https://s-cf-tw.shopeesz.com/file/sg-11134201-22110-elp198dgfakvb6,https://shopee.tw/product/179481064/15358800572,書房
14879946813,茶几實木圓形矮桌客廳現代極簡風年輪圓桌侘寂風客廳小桌子極簡網紅民宿日式圓桌 小桌子沙發桌客廳桌 和室桌北歐圓桌小圓桌,2999.0,60x60x36cm,實木 木,北歐 日式 現代,https://s-cf-tw.shopeesz.com/file/7775e7a4157efcad1ae7ab5939d0119b,https://shopee.tw/product/179481064/14879946813,書房
16706693736,韓系ins小圓桌 小茶几 小桌子 沙發桌 客廳桌 咖啡桌 展示桌 茶几桌 電話桌花架 圓桌 洽談桌白色桌子北歐民宿邊几,2800.0,,,北歐,https://s-cf-tw.shopeesz.com/file/65fc14685034d15d8b43e4e40cf3afa1,https://shopee.tw/product/179481064/16706693736,書房
16615465602,北歐狐狸兒童椅動物卡通矮凳幼稚園網紅寶寶玩具小凳子卡通座椅換鞋凳可愛動物造型椅穿鞋椅 椅凳 兒童椅,1900.0,,,北歐,https://s-cf-tw.shopeesz.com/file/sg-11134201-22110-q3i984rrdakv26,https://shopee.tw/product/179481064/16615465602,客廳
16477358533,免運!防水耐曬圓形籐椅 庭院戶外桌椅 鋁合金籐椅 陽台椅奶茶店咖啡廳 鐵藝露天桌椅套裝組合 花園休閑座椅,4250.0,,鐵 鋁,,https://s-cf-tw.shopeesz.com/file/37dbf583123e2be30d77989aeaf12642,https://shopee.tw/product/179481064/16477358533,客廳
16215289576,法式戶外椅人工藤編椅子 餐椅陽臺休閒椅咖啡廳椅綠格紋 鄉村風棋盤格椅子 編織PE藤編傢俱東南亞復古度假風,2750.0,,藤,鄉村 復古,https://s-cf-tw.shopeesz.com/file/sg-11134201-22110-amj2142q0akva9,https://shopee.tw/product/179481064/16215289576,客廳
16115282086,法式戶外椅人工藤編椅子 餐椅陽臺休閒椅咖啡廳椅黑白格紋 棋盤格椅子 編織PE藤編傢俱東南亞度假風,2650.0,,藤,,https://s-cf-tw.shopeesz.com/file/sg-11134201-22110-mb4qhkmsdakvcf,https://shopee.tw/product/179481064/16115282086,客廳
15991825258,民宿復古做舊鐵桌户外桌 雕花小圓桌 沙發邊几羅馬柱 圓几休閑桌攝影道具 白色桌田園復古阳台民宿咖啡靠背桌椅户外餐椅,1750.0,80x80x75cm,鐵,復古,https://s-cf-tw.shopeesz.com/file/6f5d9896d0c0f9c6bdbb8bc7a39202a9,https://shopee.tw/product/179481064/15991825258,書房
17305380684,業風復古餐椅 美式皮餐椅 LOFT皮餐椅 美式復古椅 鐵餐椅餐廳靠背椅鐵藝簡約凳子美式輕奢復古真皮餐椅,1900.0,,鐵,輕奢 簡約 復古,https://s-cf-tw.shopeesz.com/file/49d7e7589afb0e321eded95bc25423fe,https://shopee.tw/product/179481064/17305380684,客廳
17189617568,儲物小茶幾 小桌子 沙發邊桌 小邊桌 移動式床邊桌 北歐意式輕奢c型邊幾鐵藝橢圓形小茶幾 沙發側邊桌 角幾可移動沙發邊桌,2950.0,,鐵,輕奢 北歐,https://s-cf-tw.shopeesz.com/file/sg-11134201-22110-o9hlzajdpsjvb4,https://shopee.tw/product/179481064/17189617568,書房
17064596605,金屬工業風邊桌 床邊桌 茶几小書桌咖啡桌 陽臺小茶几,1690.0,45x30x70cm,原木 木 金屬,工業風,https://s-cf-tw.shopeesz.com/file/369bcf298fcb4d748932843bc0e21236,https://shopee.tw/product/179481064/17064596605,書房
17063060907,人造石奶茶店桌子 奶茶店咖啡桌 邊几角几 沙發邊桌水磨石茶几韓系ins小圓桌網紅水磨石圓桌,5299.0,直徑35cm,,,https://s-cf-tw.shopeesz.com/file/sg-11134201-22110-dfjhu9y76akv81,https://shopee.tw/product/179481064/17063060907,書房
17052719708,鐵藝客廳置物桌 雜誌收納架沙發邊桌 筆電桌 茶几邊桌 書報架 LOFT工業風 邊桌 桌子 懶人桌 雜誌架書報架邊几床頭桌,3900.0,,鐵,工業風,https://s-cf-tw.shopeesz.com/file/9fc340f996d44055429e94a7e49e4bae,https://shopee.tw/product/179481064/17052719708,書房
16845593298,實木靠背軟包工業風洽談椅書房椅子收銀前臺奶茶店酒吧現代簡約靠背吧檯椅子餐椅附坐墊餐椅休閒椅,3200.0,,實木 木,簡約 工業風 現代,https://s-cf-tw.shopeesz.com/file/0a909d1d66df5a174f37176cbd479909,https://shopee.tw/product/179481064/16845593298,客廳
16767352060,免運! 旋轉椅 化妝椅 絨面北歐椅子 餐椅 懶人沙發椅 電腦椅 休閒椅 書桌椅 網紅化妝椅 美甲奶茶店椅餐廳洽談椅,1999.0,,布 絨,北歐 旋轉,https://s-cf-tw.shopeesz.com/file/cc6b803aaca70d649c283f4444d26c29,https://shopee.tw/product/179481064/16767352060,客廳
17593064079,免安裝小凳子 北歐換鞋凳 梳妝凳 穿鞋凳 小紅書網紅腳凳 白日夢想傢俱店 臥室羊羔絨化妝凳 凳子 矮凳 梳妝椅梳妆凳,1499.0,,絨 羊羔絨,北歐,https://s-cf-tw.shopeesz.com/file/tw-11134207-23020-egbt2u6psynvb9,https://shopee.tw/product/179481064/17593064079,客廳
17442917333,家用臥室圓墩子小型化妝椅化妝凳沙發凳梳妝臺凳子家用矮凳圓墩換鞋凳圓凳美甲凳,2550.0,,布,,https://s-cf-tw.shopeesz.com/file/b7140e737e80b44933dd60d6f4289784,https://shopee.tw/product/179481064/17442917333,客廳
17392868848,北歐輕奢餐椅 加厚坐墊 皇冠餐桌椅 椅子 全皮包裹北歐餐椅 腦椅皮革餐椅 接待椅北歐 靠背椅 化妝椅 餐廳軟包凳子,2290.0,,皮革,輕奢 北歐,https://s-cf-tw.shopeesz.com/file/tw-11134207-23020-ivxfbu46lrnv7e,https://shopee.tw/product/179481064/17392868848,客廳
17389711159,白日夢想傢俱店 免運換鞋凳 收纳凳子 長條沙發 收納床尾凳 試換鞋凳 服裝店門口試衣間儲物凳 收納凳,1499.0,,,,https://s-cf-tw.shopeesz.com/file/sg-11134201-22110-999e7dd8rvjvba,https://shopee.tw/product/179481064/17389711159,客廳
17376417387,免運!戶外桌椅 陽臺桌椅 法式復古棋盤格 露營人工藤椅 三件套 組合 小茶幾 庭院 PE藤椅 庭園休閒桌椅/戶外休閒椅,2999.0,,藤,復古,https://s-cf-tw.shopeesz.com/file/62b76441de5f5f8c9eaea54e5874978f,https://shopee.tw/product/179481064/17376417387,客廳
17362708610,免運換鞋凳 鞋凳 沙發凳 現代腳凳 楠竹防潑水穿鞋椅 鞋架 玄關架 層架長條凳 門口 穿,1790.0,100cm,竹,現代,https://s-cf-tw.shopeesz.com/file/161d08c7026e2e51cc2c8d0aab2a7303,https://shopee.tw/product/179481064/17362708610,客廳
17307083851,復古皮革椅 餐椅 工業風 餐廳椅 皮革椅靠背椅書桌椅咖啡廳皮革單人椅 餐桌椅 蝴蝶椅 極簡風 化妝椅 梳妝椅 辦公椅,2999.0,,皮革,工業風 復古,https://s-cf-tw.shopeesz.com/file/4899f4ef22160fcfa03cb4cf96467ca7,https://shopee.tw/product/179481064/17307083851,客廳
18062148028,仿木纹防水椅凳板凳 小椅凳 茶几泡茶桌边桌小方桌户外花架換鞋凳 小板凳小凳子年轮十字造型边几角几小圓凳玄關凳子矮凳,3350.0,,木,,https://s-cf-tw.shopeesz.com/file/sg-11134201-22110-lwc626v20tjvee,https://shopee.tw/product/179481064/18062148028,書房
17889491992,奶油風邊几 茶几 圓凳 侘寂風白日夢想傢俱店鐵藝小茶幾客廳邊幾角幾民宿傢用陽臺咖啡桌小圓桌北歐 法式,3450.0,,鐵,北歐,https://s-cf-tw.shopeesz.com/file/sg-11134201-22110-3ccgosoc1pjv3a,https://shopee.tw/product/179481064/17889491992,書房
18458065558,免運耳朵凳 蘑菇凳 簡約休息區圓凳 實木小矮凳沙發凳 門口玄關換鞋凳沙发墩子 换鞋矮凳 白日夢想傢俱店,2680.0,,實木 木,簡約,https://s-cf-tw.shopeesz.com/file/tw-11134207-7qukx-leqpujk5mza9ec,https://shopee.tw/product/179481064/18458065558,客廳
18377344012,兒童房ins起司桌 乳酪邊幾矮凳韓式咖啡廳咖啡桌 卡通食物矮凳 漢堡矮凳 玉米矮凳甜筒冰淇淋小茶几 芝士蛋糕小桌床邊櫃角,2490.0,40cm,,,https://s-cf-tw.shopeesz.com/file/tw-11134207-7qukw-ley6x6lhjzn39e,https://shopee.tw/product/179481064/18377344012,書房
18374983777,羊羔绒梳妆台凳子 簡約素面圓形小椅凳 矮凳 小椅 圓椅 沙發椅 穿鞋椅 擱腳凳小凳子圓形厚墊椅凳 沙發坐凳 休閒美甲凳,1499.0,,,簡約,https://s-cf-tw.shopeesz.com/file/sg-11134201-23030-e4wz04pzw6nv92,https://shopee.tw/product/179481064/18374983777,客廳
18334707160,北歐ins小圓凳 茶几 圓形茶桌 簡約個性 臥室桌子 邊桌 小戶型客廳邊几 王子凳 矮凳換鞋凳 化妝凳 茶幾凳 凳子,3650.0,直徑44cm,,小戶型 北歐 簡約,https://s-cf-tw.shopeesz.com/file/adb468cf4986d3bd2b45fd4ea2af793c,https://shopee.tw/product/179481064/18334707160,書房
18302107724,鐵腳餐椅 靠背椅 美式復古鐵椅 工業風咖啡廳椅子loft餐廳酒吧金屬鐵椅 沉穩皮革鐵黑腳餐椅 民宿家具店家,2350.0,,鐵 金屬 皮革,工業風 復古,https://s-cf-tw.shopeesz.com/file/8444511bc7f6cb30dddd0ce25e02d965,https://shopee.tw/product/179481064/18302107724,客廳
18273879278,舒適皮革軟包加厚靠背凳子 經典皮革餐椅 餐桌椅 餐廳椅 化妝椅 辦公椅 北歐椅 接待椅 蝴蝶椅 休閒椅 戶外椅 書桌椅,1990.0,,皮革,北歐,https://s-cf-tw.shopeesz.com/file/tw-11134207-23020-72atbpanmrnv38,https://shopee.tw/product/179481064/18273879278,客廳
18177982777,复古咖啡廳 西餐廳咖啡館铁桌子 甜品店餐飲酒吧桌 白日夢想傢俱店法式浪漫边几设计艺术角几床头桌复古极简,2290.0,,,,https://s-cf-tw.shopeesz.com/file/tw-11134207-7qul6-lfaxtug7zg1691,https://shopee.tw/product/179481064/18177982777,書房
18574205450,工業風吧檯桌 鐵桌高腳桌 北歐風高吧桌 高腳餐桌 休閒桌 接待桌 工作桌 鐵藝酒吧椅吧凳復古簡約椅子高腳凳 咖啡 甜品店,2490.0,,鐵,北歐 簡約 工業風,https://s-cf-tw.shopeesz.com/file/sg-11134201-23020-tl8q9s4zrvnv17,https://shopee.tw/product/179481064/18574205450,書房
18562542693,❤️免運 北歐皮凳 換鞋凳脚凳發凳 腳踏 美式沙发矮凳 穿鞋凳客廳椅 玄關椅 茶几椅 收納椅 兒童小凳 客廳小凳子 坐墩,699.0,,,北歐,https://s-cf-tw.shopeesz.com/file/sg-11134201-22110-4l5g6cwe6wjv79,https://shopee.tw/product/179481064/18562542693,客廳
19334595156,韓國咖啡廳邊桌 幾何小茶几 圓桌 置物架 咖啡桌 復古 圓形矮凳 泡茶椅 花台 侘寂傢俱民宿有打磨痕跡擺件,2499.0,,,復古,https://s-cf-tw.shopeesz.com/file/tw-11134207-7r98z-ly260hqo8pieb6,https://shopee.tw/product/179481064/19334595156,書房
19273875402,法式奶油風餐椅 網紅設計師款 北歐現代白色皮餐桌百货公司椅 咖啡厅椅 展覽椅子展椅 會議椅靠背椅子,2280.0,,,北歐 現代,https://s-cf-tw.shopeesz.com/file/tw-11134207-23020-1iunqyhoirnv53,https://shopee.tw/product/179481064/19273875402,客廳
19273648603,免運花朵茶几 郁金香桌 白日夢想傢俱店 可愛美式無印普普風 玫瑰凳子奶油风落地擺件客廳沙發旁家居房間軟裝飾品,3680.0,,藤,,https://s-cf-tw.shopeesz.com/file/tw-11134207-23020-ijwmmmvg0mnv8f,https://shopee.tw/product/179481064/19273648603,書房
19261249398,免運🔥鐵桌網紅茶几 客廳家用戶外小桌椅 ins白日夢想傢俱店咖啡桌 客厅边几 花架 角幾北欧金属复古中古几何边几黑,3350.0,,鐵,,https://s-cf-tw.shopeesz.com/file/sg-11134201-22110-kcla5i8lqpjvd2,https://shopee.tw/product/179481064/19261249398,書房
19157801759,免運鐵藝小圓凳/化妝凳/換鞋椅凳化妝椅 梳妝凳美甲椅 梳妝椅 白日夢想傢俱店 北歐椅餐椅高圓凳家用椅 椅凳 鐵藝凳,2190.0,,鐵 皮革,北歐,https://s-cf-tw.shopeesz.com/file/sg-11134201-23010-fa1cg7rtftlv7f,https://shopee.tw/product/179481064/19157801759,客廳
19077326735,【免運可疊】北歐復古高腳椅 - 鐵藝工業風吧檯凳，咖啡廳/酒吧/居家兩用，設計師款疊放省空間神器！,2080.0,,鐵,北歐 工業風 復古,https://s-cf-tw.shopeesz.com/file/tw-11134207-7qul6-ley5psu1cvgn25,https://shopee.tw/product/179481064/19077326735,客廳
19561977356,仿木纹邊桌 茶几洽談桌 仿古Dining Table 復古工業風茶桌 客廳桌矮桌 陽台咖啡桌邊桌茶几 圓桌 方桌,3350.0,,木,工業風 復古,https://s-cf-tw.shopeesz.com/file/sg-11134201-22110-celhk9ijrsjvaf,https://shopee.tw/product/179481064/19561977356,書房
19535009934,免運🎉美式咖啡桌 田園復古做舊 鐵桌 咖啡桌 邊几茶几 法式角几 木頭小圓桌 吧台桌 白日夢想家具店網紅邊幾桌椅,2999.0,,木 鐵,復古,https://s-cf-tw.shopeesz.com/file/sg-11134201-22110-y5hnf9050akvdb,https://shopee.tw/product/179481064/19535009934,書房
19461515099,免運🔥藤編折叠桌 飄窗桌野餐小茶幾日式榻榻米茶桌戶外野餐仿藤编 白日夢想傢俱店折叠圆形边几 沙發邊櫃家用臥室床頭櫃,2150.0,,藤,日式,https://s-cf-tw.shopeesz.com/file/sg-11134201-22110-xpzzjm1d2pjv60,https://shopee.tw/product/179481064/19461515099,書房
19454084055,免運！絨布金色圓凳 法式復古腳椅矮凳 莫蘭迪化妝椅穿鞋椅沙發凳輔助椅/朵恩絨布小凳子矮凳小板凳 小方凳 白日夢想傢俱店,1299.0,,布 絨,復古,https://s-cf-tw.shopeesz.com/file/tw-11134207-7r990-lxtj5v98qq7a94,https://shopee.tw/product/179481064/19454084055,客廳
19416737723,酒店露臺防水防曬椅 鋁合金繩編椅 戶外桌椅 陽臺桌椅 小茶幾 戶外傢俱庭院 編織 鐵製繩編椅,3999.0,,鐵 鋁,,https://s-cf-tw.shopeesz.com/file/62a8dfc4411bd697337b21ea9800fd6b,https://shopee.tw/product/179481064/19416737723,客廳
19362545506,化妝凳 梳妝臺凳子 開店首選北歐椅餐椅高圓凳家用椅子凳子餐桌椅換鞋凳子 擱腳凳腳踏方凳 ins美甲椅子,1399.0,38x36x45cm,,北歐,https://s-cf-tw.shopeesz.com/file/sg-11134201-22110-vjp23nfr6wjv2b,https://shopee.tw/product/179481064/19362545506,客廳
19961544740,北歐風雙層小圓桌 鐵藝小茶几 展示桌展示柜客廳迷你沙發桌 純手工圓形小邊桌 迷你茶几金属麦穗复古边几角几茶几,2999.0,,鐵,北歐,https://s-cf-tw.shopeesz.com/file/sg-11134201-22110-dqq2kyni6pjvc4,https://shopee.tw/product/179481064/19961544740,書房
19938777513,圓桌 邊桌鐵桌 咖啡桌/洽談桌 ins藍色小圓桌 彩色小桌奶茶店 咖啡桌邊桌邊几 克萊因藍桌 餐桌椅组咖啡店桌子,2799.0,直徑40cm,鐵,,https://s-cf-tw.shopeesz.com/file/bf05ce704a93c500de7ecab485cc852d,https://shopee.tw/product/179481064/19938777513,書房
19857455848,奶油风茶几 實拍INS風圓桌 餐桌 辦公桌 書桌 化妝桌 工作桌 電腦桌 會議桌 桌 辦公桌 桌子 北歐桌 辦公桌,1350.0,,,北歐,https://s-cf-tw.shopeesz.com/file/sg-11134201-22100-uizf08jn63iv92,https://shopee.tw/product/179481064/19857455848,書房
19677330948,免運🔥IG網美金色椅 中島椅 75CM 高款铁椅 吧檯椅 高腳椅餐廳 酒吧擺設計 工業風款隔断台靠窗輕奢高腳凳,1399.0,75CM,,輕奢 工業風,https://s-cf-tw.shopeesz.com/file/tw-11134207-7r98z-lxqybxzurynkde,https://shopee.tw/product/179481064/19677330948,客廳
19674468980,羊羔绒ins風家用玄關入戶換鞋凳 沙發凳 板凳 梳妝凳 設計師試衣間長凳子 意式床尾凳 长沙发 換鞋椅卧室床尾凳长条凳,1880.0,100CM,,,https://s-cf-tw.shopeesz.com/file/sg-11134201-23020-ujuvjz3nrynv17,https://shopee.tw/product/179481064/19674468980,客廳
19662150343,免運🔥梳妝凳 化妝椅 椅子 凳子 臥室簡約小戶型家用帶靠背網紅化妝凳 臥室化妝凳 靠背化妝凳 換鞋凳 休閒椅,799.0,,,小戶型 簡約,https://s-cf-tw.shopeesz.com/file/tw-11134207-7rbk0-m9uzhe3s8xjm04,https://shopee.tw/product/179481064/19662150343,客廳
19657734289,凳子咖啡厅桌椅 矮凳茶几高腳杯組合茶幾 北歐現代客廳簡約圓形小茶幾 個性沙發邊幾 邊幾 角北欧简约咖啡厅桌椅小户型餐桌椅,2390.0,,,北歐 簡約 現代,https://s-cf-tw.shopeesz.com/file/sg-11134201-22110-ykace4iu6akv71,https://shopee.tw/product/179481064/19657734289,客廳
19619354367,奶油風咖啡館邊几小茶几 圓桌 置物架 咖啡桌 民宿小凳子 邊桌 圓形矮凳 泡茶椅 花台白日夢想家具店,2199.0,,,,https://s-cf-tw.shopeesz.com/file/tw-11134207-7r98r-ly26i4scxeee39,https://shopee.tw/product/179481064/19619354367,書房
19577918365,免運🔥韓系ins風咖啡桌 會客桌  小圓桌 餐桌 洽談桌 小茶几 邊桌韓國圓桌 北歐桌 咖啡桌金属边几复古中古铁桌角几,2590.0,,,北歐,https://s-cf-tw.shopeesz.com/file/tw-11134207-7qul1-lf9ik0z4s6jza2,https://shopee.tw/product/179481064/19577918365,書房
20678472018,沙發凳 小型化妝椅 臥室化妝凳子 小凳子 絨布椅 梳妝椅 化妝椅 化妝台椅子 小椅子花瓣椅花瓣圓凳坐墊矮凳換鞋凳,1799.0,,布 絨,,https://s-cf-tw.shopeesz.com/file/tw-11134207-7qul6-lfti9cjjgow146,https://shopee.tw/product/179481064/20678472018,客廳
20538484625,美式仿古刷舊小圓桌 北歐風 時尚輕奢風 矮桌 茶几 木金屬鐵藝 質感金色 小圓桌 邊桌 裝飾擺飾 設計師款 小桌子,3599.0,,木 鐵 金屬,輕奢 北歐,https://s-cf-tw.shopeesz.com/file/sg-11134201-22110-779ni2y40akv00,https://shopee.tw/product/179481064/20538484625,書房
20477491493,愛心泡泡餐椅 網紅少女心庭院桌椅 陽台桌椅 戶外桌椅 花園桌椅 靠背椅 外拍摄影棚愛心道具造型,2380.0,,,,https://s-cf-tw.shopeesz.com/file/tw-11134207-7qul4-lf0mzmbhv3fz13,https://shopee.tw/product/179481064/20477491493,餐廳
20461187878,免運🔥北歐邊幾 ins風床頭櫃 茶几 網紅收納邊櫃 小邊幾 白日夢想傢俱店小桌子 咖啡桌 復古侘寂桌子 咖啡桌床邊置物桌,3350.0,,,北歐 復古,https://s-cf-tw.shopeesz.com/file/sg-11134201-22110-v7dbyzcudakv1a,https://shopee.tw/product/179481064/20461187878,書房
20374973846,藤椅 藤編皮椅 甜甜圈餐椅 餐桌椅 陽台椅子 塑膠藤編傢俱餐廳民宿 白日夢想家具店 鐵椅 复古凳子靠背椅侘寂风椅子,1590.0,,鐵 藤 塑膠,,https://s-cf-tw.shopeesz.com/file/tw-11134207-23030-gn1f0mqr36nve3,https://shopee.tw/product/179481064/20374973846,客廳
20358868280,鐵藝角落衣架 吊衣架 玄關架 角落架 掛衣桿 牆角掛衣架 木質衣帽架 創意款式 幾何壁掛衣架 裝飾牆角拐角掛衣架,925.0,,木 鐵,,https://s-cf-tw.shopeesz.com/file/sg-11134201-22100-cu6zw4te00ive9,https://shopee.tw/product/179481064/20358868280,玄關
20018162144,免運!設計師塑膠椅 叉骨椅 可風吹雨淋 靠背椅戶外椅 陽臺餐椅 酒店露臺防水防曬PP椅 侘寂傢俱民宿擺件  咖啡廳,999.0,49x44x88cm,塑膠,,https://s-cf-tw.shopeesz.com/file/37f861467e995bd04ae0662b370c8790,https://shopee.tw/product/179481064/20018162144,客廳
20017261637,北歐辦公椅 塑膠椅 耐重繽紛多色塑料PP一體成形餐椅 防水好清潔 電腦椅 餐桌椅 休閒椅 加固一體式桌椅 單人椅,1450.0,,塑膠,北歐,https://s-cf-tw.shopeesz.com/file/sg-11134201-22120-mtbz9m1sralv30,https://shopee.tw/product/179481064/20017261637,客廳
21358710784,透明壓克力桌 壓克力 透明系 床邊桌 床邊茶几 壓克力桌白日夢想傢俱店 北歐沙發小邊幾透明收纳柜設計師網紅ins儲物,1490.0,,,北歐,https://s-cf-tw.shopeesz.com/file/tw-11134207-23010-zc1rb58svbmv2d,https://shopee.tw/product/179481064/21358710784,書房
21308123093,人工籐椅休閒小凳子 塑膠編織椅 陽臺椅 戶外折疊椅 法式復古棋盤格 編織 鐵製PE藤編椅/戶外透氣椅  庭園休閒桌椅,999.0,,鐵 藤 塑膠,復古,https://s-cf-tw.shopeesz.com/file/b74381781e61840433c7675bb374441b,https://shopee.tw/product/179481064/21308123093,客廳
21238412071,北歐折疊藤椅 中古侘寂风靠背椅藤编折叠椅韩国餐椅不锈钢凳子 家用椅餐桌凳 高凳 小圓凳 馬紮帶靠背板凳 簡易簡,2100.0,,原木 木 藤,北歐,https://s-cf-tw.shopeesz.com/file/f0043dc4eb98c7899ed33ba188bb3f01,https://shopee.tw/product/179481064/21238412071,客廳
20978452146,免運含税🔥小椅凳 矮凳 鞋凳 户外阳台椅凳 收納椅凳 小凳子小椅小板凳可露丽边几 阳仿木纹茶几矮凳 化妝凳梳妝凳,3580.0,,木,,https://s-cf-tw.shopeesz.com/file/tw-11134207-7qul9-lfjicbx04gyyb1,https://shopee.tw/product/179481064/20978452146,客廳
20962145737,户外防水餐桌 野餐桌 工業風 鐵藝拖盤茶几 邊几桌 茶几 多功能小圓桌 餐桌 床桌黑色波浪边几沙发客厅茶几,2150.0,,鐵,工業風 多功能,https://s-cf-tw.shopeesz.com/file/sg-11134201-22110-rwcp60o96akvf0,https://shopee.tw/product/179481064/20962145737,書房
20893008743,弧形凳 矮凳 民宿藝術茶道休閒竹凳子 換鞋凳 梳妝凳 裝飾凳 浴室凳 小方凳 白日夢想家具店,1999.0,,竹,,https://s-cf-tw.shopeesz.com/file/tw-11134207-7r992-lxky61js2c6oda,https://shopee.tw/product/179481064/20893008743,客廳
20757992666,免運🔸白色小圓桌茶幾 北歐現代客廳簡約圓形小茶幾 個性沙發邊幾 邊幾 角北欧简约咖啡厅桌椅小户型餐桌椅INS餐椅小边几,2290.0,,,北歐 簡約 現代,https://s-cf-tw.shopeesz.com/file/sg-11134201-22100-sy4dnak5u6iva1,https://shopee.tw/product/179481064/20757992666,書房
21916671002,防水藤桌耐曬 戶外椅 日式藤編茶几 網紅小茶几 白日夢想家具店雙層小桌子 陽臺桌椅庭院 竹籐椅,2650.0,,原木 木 藤,日式,https://s-cf-tw.shopeesz.com/file/tw-11134207-23030-cc2desbnx9nvc6,https://shopee.tw/product/179481064/21916671002,書房
21914202956,免運!鋁合金防水人工籐椅 戶外防曬桌椅飯店露台 陽臺桌椅 三件套 組合 庭院PE籐椅奶茶店 復古棋盤格 編織 鐵製,2650.0,,鐵 鋁,復古,https://s-cf-tw.shopeesz.com/file/cee330c28d1564a7206986862abe4db2,https://shopee.tw/product/179481064/21914202956,客廳
21862141243,免運 木茶幾 邊桌 小茶幾需組裝沙發邊桌 c型 u形桌 角幾换鞋椅邊桌书桌邊桌 臥室桌 床邊桌 沙發側邊桌 飄窗桌,1899.0,,原木 木,,https://s-cf-tw.shopeesz.com/file/tw-11134207-7rasc-m4zsox61q0256e,https://shopee.tw/product/179481064/21862141243,書房
21861208495,免運🔥侘寂風复古小茶幾 客廳邊几 角幾民宿陽臺咖啡桌小圓桌傢俱黑色仿木纹 展示桌床边桌床边柜藝術茶几 北欧边桌 仿木,3550.0,,木,,https://s-cf-tw.shopeesz.com/file/sg-11134201-22110-jdndjw186akvc7,https://shopee.tw/product/179481064/21861208495,書房
21654103332,免運費 旋轉辦公椅 餐椅 餐桌椅 化妝椅 白日夢想傢俱店 工業風椅化妝椅/電腦椅/美容椅/椅子/人體工學椅,1999.0,,,工業風 旋轉,https://s-cf-tw.shopeesz.com/file/sg-11134201-22110-36ff4dti8vjvd0,https://shopee.tw/product/179481064/21654103332,客廳
21607921599,鐵藝椅子 網格椅 鏤空餐椅 戶外桌椅 庭院鐵藝網格椅 別墅北歐陽臺公園椅 戶外休閒靠背扶手 金屬鐵椅,2150.0,,鐵 金屬,北歐,https://s-cf-tw.shopeesz.com/file/faa03cea7cd14526a51cc40fad90a318,https://shopee.tw/product/179481064/21607921599,客廳
21595773509,花朵小花沙發邊桌小户型 茶几奶油风邊几 床頭櫃 矮桌 白日夢想家具店,2390.0,60cm,,,https://s-cf-tw.shopeesz.com/file/tw-11134207-7r98s-lp0wtak3en930c,https://shopee.tw/product/179481064/21595773509,書房
22622738333,木質貓咪茶几客廳北歐貓籠 人貓共用寵物沙發邊幾陽臺茶臺 人貓共用茶幾 小型寵物貓窩 家用玻璃茶桌 家用茶几 小茶几,3099.0,,木,北歐,https://s-cf-tw.shopeesz.com/file/tw-11134207-23020-cqaphmih5cnvbb,https://shopee.tw/product/179481064/22622738333,書房
22505133909,侘寂仿洞石設計 刷色做舊 雲朵邊幾茶几 白色奶油风圓桌 工業風簡約床邊桌茶几桌 邊桌 雜誌桌 床邊桌 懶人桌 移動式茶几,3350.0,,,簡約 工業風,https://s-cf-tw.shopeesz.com/file/sg-11134201-22110-s4cldu0z0akvaf,https://shopee.tw/product/179481064/22505133909,書房
22423301364,開發票 奶油風餐桌 白色圓桌 工業高吧桌 星巴克 烤漆木面桌子咖啡廳 高腳桌 高腳吧凳 復古鐵藝酒吧桌吧臺桌 吧檯椅,1199.0,,木 鐵,復古,https://s-cf-tw.shopeesz.com/file/tw-11134207-23020-e134zwmbbhnv5b,https://shopee.tw/product/179481064/22423301364,書房
22423063546,免運含税 會客椅/書桌椅辦公椅北歐鐵椅/伊姆斯椅/洽談椅/會議椅/化妝椅/電腦椅 白日夢想傢俱店,1300.0,,鐵,北歐,https://s-cf-tw.shopeesz.com/file/tw-11134207-23020-9gah23o4bdnv9f,https://shopee.tw/product/179481064/22423063546,客廳
22390247795,北歐高腳桌椅 方桌鐵桌鐵 靠牆吧台桌 鐵藝吧台桌椅 美式復古工業風吧台 高腳吧台 吧台椅,699.0,,鐵,北歐 工業風 復古,https://s-cf-tw.shopeesz.com/file/sg-11134201-7rdyq-lxqn2iajs50m4a,https://shopee.tw/product/179481064/22390247795,書房
22323256086,鐵椅開發票🔥挑戰全網最低價復古吧檯椅 高腳椅設計師 工作椅 餐椅 梳妝凳洽談椅 咖啡厅休閒椅椅子白日夢想傢俱店,1399.0,65厘米,鐵,復古,https://s-cf-tw.shopeesz.com/file/tw-11134207-7r98x-lxqy0y9fugj4c1,https://shopee.tw/product/179481064/22323256086,客廳
21961428438,茶几桌 雙層圓桌 沙發邊柜 邊幾 邊桌小桌子 置物架 泡茶桌小茶幾白日夢想傢俱店角幾 茶桌床頭櫃床頭桌小圓桌網紅款熱銷,2890.0,,,,https://s-cf-tw.shopeesz.com/file/sg-11134201-22110-e3r7ilfg1pjv12,https://shopee.tw/product/179481064/21961428438,書房
23402311023,免運黑胡桃木茶几 北歐圓形茶几 ins茶几 進口北美黑胡桃贴皮 北歐風輕奢小圓桌 簡約小茶几 家用客廳沙發桌 圓形,2999.0,,木,輕奢 北歐 簡約,https://s-cf-tw.shopeesz.com/file/sg-11134201-22120-yew3dfnt08kv6c,https://shopee.tw/product/179481064/23402311023,書房
23337450026,含稅🔥丹麥茶几鐵管腳 圓桌 餐桌 边几角几北欧户外桌蓝色铁桌 小户型邊桌阳台桌 防水边桌套房 咖啡桌 床邊几 小茶几,2290.0,,鐵,,https://s-cf-tw.shopeesz.com/file/tw-11134207-7qul5-lfayrzavsc16c1,https://shopee.tw/product/179481064/23337450026,書房
23335739924,工業風IG款 網美款梳妆凳 化妆凳 馬卡龍絨布公主化妝椅 铁椅絨布方凳 絨布椅 金色椅小凳子换鞋,1499.0,,布 絨,工業風,https://s-cf-tw.shopeesz.com/file/sg-11134201-7qvft-lezg3ve6yirj5b,https://shopee.tw/product/179481064/23335739924,客廳
23222743116,免運開發票🔥北歐展覽椅子展椅 圍椅 現代簡約會議椅 餐桌椅咖啡帕朗休閒椅伊姆斯椅子家用靠背休閒椅 白日夢想傢俱店,1350.0,,,北歐 簡約 現代,https://s-cf-tw.shopeesz.com/file/tw-11134207-23020-mufw11mkcdnvcc,https://shopee.tw/product/179481064/23222743116,客廳
23164893956,奶油珍珠絨布椅 網紅化妝椅 粉色靠背椅 美甲椅 等待區休息區桌椅 梳妝台凳 臥室設計師款 家用梳妝台凳子,999.0,,布 絨,,https://s-cf-tw.shopeesz.com/file/sg-11134201-7rdxj-m0ep39qljfe882,https://shopee.tw/product/179481064/23164893956,客廳
23137471080,飘窗桌透明角几 C型桌 透明桌懶人桌 床邊桌 盆架 沙發邊櫃 小戶型茶几 壓克力桌邊幾沙發小邊桌簡約現代客廳異形茶幾臥,1199.0,30x30x60cm,,小戶型 簡約 現代,https://s-cf-tw.shopeesz.com/file/sg-11134201-7qvg5-lfb197iazte478,https://shopee.tw/product/179481064/23137471080,書房
23123512108,免運開發票 復古折疊椅vintage靠背椅子 可疊放 燈芯絨 辦公椅會議椅化妝椅 金屬椅 網紅拍照椅攝影懷舊凳子 收納,1790.0,,金屬 布 絨,復古,https://s-cf-tw.shopeesz.com/file/tw-11134207-23020-7hnxbvj0ahnv23,https://shopee.tw/product/179481064/23123512108,客廳
23064893936,【包豪斯風格】三角凳凳子梳妝凳 可堆疊酒館餐椅 燒烤店桌椅 咖啡廳韓式餐廳椅設計師款 鐵椅 換鞋凳創意餐凳 軟包舒適凳,1999.0,,鐵,,https://s-cf-tw.shopeesz.com/file/tw-11134207-7rasb-m0elpnf2oixf3a,https://shopee.tw/product/179481064/23064893936,客廳
22802964724,亞克力小圓桌 簡約小茶几 家用客廳沙發桌 白日夢想傢俱店 无印风圓形小邊桌 迷你茶几 迷你桌 兩用 邊桌 NB筆電桌 床,3999.0,,,簡約,https://s-cf-tw.shopeesz.com/file/sg-11134201-22100-1gnjxr3b39iv1a,https://shopee.tw/product/179481064/22802964724,書房
23723889103,開發票吧台椅 免運工業高吧桌 戶外椅 塑膠椅餐吧椅 化妝椅 高腳凳 咖啡廳吧凳子靠背高脚椅酒吧椅 收銀前臺酒吧椅凳子,1099.0,,皮革 塑膠,,https://s-cf-tw.shopeesz.com/file/tw-11134207-7r98y-ls9dmvh99uqa8a,https://shopee.tw/product/179481064/23723889103,客廳
23705118355,方形茶几仿木纹桌 沙發邊幾網紅ins凳子 水泥桌客廳陽台戶外簡約茶几 小邊幾 民宿咖啡馆小桌子户外,2690.0,,原木 木,簡約,https://s-cf-tw.shopeesz.com/file/sg-11134201-22110-n2hde18sdakvbe,https://shopee.tw/product/179481064/23705118355,書房
23625288395,不銹鋼小圓桌 工業風金屬餐桌網紅咖啡廳 网红ins茶几 小户型卧室阳台简约J型角几 金屬吧桌戶外鐵藝凳子 白日夢想傢俱店,1699.0,直徑50cm,鐵 金屬,工業風,https://s-cf-tw.shopeesz.com/file/tw-11134207-7r98u-lxkrdpkk14x26d,https://shopee.tw/product/179481064/23625288395,書房
23623858435,免運含税開發票🔥 吧檯椅高腳椅 鐵椅工業風展覽椅子展椅 圍椅 現代簡約會議椅北歐輕奢ins簡約現代家用收銀前台高腳凳吧台,1090.0,,鐵,輕奢 北歐 簡約,https://s-cf-tw.shopeesz.com/file/tw-11134207-7rasd-m127ak1ln1hx66,https://shopee.tw/product/179481064/23623858435,客廳
23537468028,透明折疊桌子 亞克力椅子 水晶折疊桌椅 ins風 北歐方桌網紅彩虹桌 糖果桌馬卡龍桌ins風PVC塑膠桌咖啡廳桌椅,2799.0,5cm,塑膠,北歐,https://s-cf-tw.shopeesz.com/file/tw-11134207-7qul9-lfayrzavv5620f,https://shopee.tw/product/179481064/23537468028,書房
23535515453,免運含税 木吧椅高 鐵椅 酒吧椅高凳子 實木纹路 45CM 65/75CM 吧台椅 高腳椅咖啡休閑餐凳復古高腳椅吧檯,899.0,85cm,實木 木 鐵,復古,https://s-cf-tw.shopeesz.com/file/tw-11134201-7qukw-letuuijc7yo7b7,https://shopee.tw/product/179481064/23535515453,客廳
23435556690,免運❤️置物架 邊幾沙發茶幾 客廳側邊櫃 床頭置物架臥室小桌子 鐵藝儲藏架 收納桶小茶幾小戶型簡易茶桌落地摆件 边几,1980.0,,鐵,小戶型,https://s-cf-tw.shopeesz.com/file/tw-11134207-7quky-ley5psu131hjf5,https://shopee.tw/product/179481064/23435556690,書房
23405132716,免運🔸歐式簡約Z字形桌 仿木做旧展示桌白日夢想傢俱店花架小圓幾美式咖啡桌花桌复古咖啡馆工业风侘寂沙发桌 茶几 懶人桌 電,2750.0,,木,簡約,https://s-cf-tw.shopeesz.com/file/sg-11134201-22110-aji89hq10akvff,https://shopee.tw/product/179481064/23405132716,書房
25185201166,飯店大廳椅 旅館髮廊椅 美髮椅 美甲椅 美容院化妆椅 酒店餐椅 大廳招待椅 貴賓椅 接待會議洽談椅 靠背沙發椅,799.0,,,,https://s-cf-tw.shopeesz.com/file/tw-11134207-7r98x-lzaj8hbkk3z2a7,https://shopee.tw/product/179481064/25185201166,客廳
25039174252,方凳換鞋凳 腳踏腳凳軟座沙發凳 可拆洗化妝凳梳妝椅矮凳 多功能板凳木凳 小戶型出租宿舍桌椅 白日夢想家具店,599.0,,木,小戶型 多功能,https://s-cf-tw.shopeesz.com/file/tw-11134207-7ras8-m3gi5w8ecfx61e,https://shopee.tw/product/179481064/25039174252,客廳
24923662489,毛毛蟲懶人沙發 - 可躺可睡單人沙發，奶油風設計，臥室/客廳/小戶型必備，舒適躺臥神器！,3090.0,,布,小戶型,https://s-cf-tw.shopeesz.com/file/tw-11134207-7r98p-lxky2m96j3mu4c,https://shopee.tw/product/179481064/24923662489,客廳
24783328561,北歐風格小茶几，現代簡約，客廳沙發邊幾，臥室床头桌 雙層小桌 小茶几 托盤桌 茶几 圓桌 邊桌 鐵製雙層桌,399.0,,鐵 布,北歐 簡約 現代,https://s-cf-tw.shopeesz.com/file/tw-11134207-7r98s-lxkxw0aqpmwgb5,https://shopee.tw/product/179481064/24783328561,書房
24735959465,【美式工業風】高腳椅鐵椅 高腳桌現代吧台凳 北歐復古吧台椅 吧檯桌 高椅子酒吧桌 矮凳鐵桌,1099.0,,鐵,北歐 工業風 復古,https://s-cf-tw.shopeesz.com/file/tw-11134207-7r990-m036g1k8cs873f,https://shopee.tw/product/179481064/24735959465,客廳
24733403148,掃地機器人置物架 收納架 加高層架 吧檯架 玄關架 多功能架子 魚缸架座架 角鋼置物架 貓砂盆收納架,1099.0,,,多功能,https://s-cf-tw.shopeesz.com/file/tw-11134207-7r98x-lxmll5wtovg07a,https://shopee.tw/product/179481064/24733403148,餐廳
24136614846,折疊椅 躺椅懶人沙發可躺可睡 榻榻米折疊沙發床 兩用陽台休閒小沙發 飄窗躺椅,1599.0,60cm,布,,https://s-cf-tw.shopeesz.com/file/sg-11134201-7rdw0-m0suii8kht380f,https://shopee.tw/product/179481064/24136614846,客廳
24133851475,北歐風 IG網紅小桌子 移動茶几 沙發邊櫃 小圓桌 床頭桌 多功能角几 輕巧便攜 客廳家具 環保材質白日夢想家具店,999.0,,,北歐 多功能,https://s-cf-tw.shopeesz.com/file/tw-11134207-7r98o-ly271gr4gs34c9,https://shopee.tw/product/179481064/24133851475,書房
24086343611,北歐辦公椅 可升降電腦椅 宿舍學習椅辦公懶人椅 時尚皮椅 鐵椅 人體工學椅美甲靠背餐椅 家用書房滾輪椅,2599.0,,鐵 布 塑膠,北歐 可升降,https://s-cf-tw.shopeesz.com/file/sg-11134201-7rdx2-m0hhb02kbsoue3,https://shopee.tw/product/179481064/24086343611,客廳
23905239212,免運❤化妝凳可360度旋轉 梳妝凳 北歐化妝椅子 臥室化妝凳 靠背化妝凳 網紅化妝凳 換鞋凳 網紅化妝椅 臥室椅 沙發椅,550.0,,布 絨 皮革,北歐 旋轉,https://s-cf-tw.shopeesz.com/file/tw-11134207-7rase-m0y4xfd0234ma7,https://shopee.tw/product/179481064/23905239212,客廳
23740150788,免運🔥奶油风茶几餐桌 桌子 商業空間專用桌 小餐桌 北歐日系復古 白日夢想傢俱店边几侘寂风圆形小桌子,3999.0,,,北歐 復古,https://s-cf-tw.shopeesz.com/file/tw-11134207-7qul5-lftidqz3i0bua7,https://shopee.tw/product/179481064/23740150788,書房
25695536390,透明壓克力推車小圓桌 可移動圓形茶几/沙發邊幾 現代簡約客廳臥室 ins風水晶小推車 零食車多功能小車,3599.0,,,簡約 現代 多功能,https://s-cf-tw.shopeesz.com/file/tw-11134207-7rbk1-mawi3lz3uflif2,https://shopee.tw/product/179481064/25695536390,書房
25585656553,長沙發 商場休息區圓凳 圓形椅 坐墩長椅 辦公沙發 飯店等待區榻榻米 大廳餐廳咖啡廳教育訓練凳子 公共空間換鞋凳 長凳,1399.0,,,,https://s-cf-tw.shopeesz.com/file/sg-11134201-7rdyv-lzrqtxoil24n21,https://shopee.tw/product/179481064/25585656553,客廳
25573039549,【白日夢想家具店】復古皮沙發 - 巴塞隆納設計師款，單人/雙人休閒椅，靠背躺椅兩用，客廳/書房質感升級首選！,4300.0,,,復古,https://s-cf-tw.shopeesz.com/file/tw-11134207-7r98q-ltw317k564xb49,https://shopee.tw/product/179481064/25573039549,客廳
25386090145,移動工作桌 電腦桌 沙發邊桌 床邊桌 多功能邊桌 手機沙發桌 家用書桌客廳邊幾 簡易茶几 床邊桌臥室電腦桌,1899.0,80cm,木,多功能,https://s-cf-tw.shopeesz.com/file/tw-11134207-7r991-m07izy9rheqbfd,https://shopee.tw/product/179481064/25386090145,書房
25339546815,奶油風可移動邊幾小推車 茶几帶輪 零食置物架床頭櫃 邊櫃 收納推車 抽屜櫃浴室櫃櫥櫃零食車家用臥室床邊櫃,1499.0,,,,https://s-cf-tw.shopeesz.com/file/sg-11134201-7rfgy-m3waozno71y59d,https://shopee.tw/product/179481064/25339546815,客廳
25239047365,【奶油風矮凳】網紅小沙發方凳腳踏 休息區邊桌茶几 等待區會客椅客廳坐墩 門口換鞋凳 方凳小凳子 白日夢想家具店,1299.0,,,,https://s-cf-tw.shopeesz.com/file/tw-11134207-7rasg-m3bwmfqqdgt3ac,https://shopee.tw/product/179481064/25239047365,客廳
25194345596,【法式復古方凳】梳妝凳矮凳 換鞋凳床尾凳 復古風琴凳設計師造型 椅凳方椅鐵椅 臥室/玄關/衣帽間 白日夢想家具店,3499.0,,鐵,復古,https://s-cf-tw.shopeesz.com/file/tw-11134207-7rbk3-m8uaqpo54v6v9d,https://shopee.tw/product/179481064/25194345596,客廳
26129156637,沙發邊几 小戶型鐵桌戶外桌 接待桌等候區休息區桌椅 客廳/臥室兩用，陽台小茶几+床頭櫃角幾 白日夢想家具店,2299.0,50x50x50cm,鐵,小戶型,https://s-cf-tw.shopeesz.com/file/sg-11134201-7rd40-m77nym9imju7bc,https://shopee.tw/product/179481064/26129156637,書房
26109963909,塔吉懶人沙發 沙發床 單人床 模塊沙發 可躺可睡榻榻米 北歐奶油風沙發 變形沙發 單雙人小沙發躺椅 懶人沙發,2899.0,80cm,,北歐,https://s-cf-tw.shopeesz.com/file/tw-11134207-7r98y-lzoudnv3x3w4b7,https://shopee.tw/product/179481064/26109963909,客廳
26021062087,羅馬柱方形邊桌 復古做舊設計茶几 咖啡館/民宿/客廳雕塑感茶几 藝術民宿/設計師工作室/豪宅客廳,1999.0,,,復古,https://s-cf-tw.shopeesz.com/file/tw-11134207-7rbk7-m8q0ybljah2f22,https://shopee.tw/product/179481064/26021062087,書房
25984578344,服裝店沙發凳 - 試衣間換鞋凳+穿鞋椅，長條凳設計，衣帽間/民宿/居家百搭  長條換鞋凳,2999.0,,,,https://s-cf-tw.shopeesz.com/file/tw-11134207-7r990-lyqmt0qezj1a88,https://shopee.tw/product/179481064/25984578344,客廳
25973665547,南瓜懶人椅 懶人沙發 單人南瓜 單人沙發  沙發单双人榻榻米羊羔绒可躺可睡 雲朵旋转椅 休闲椅 白日夢想家具店,2580.0,,,,https://s-cf-tw.shopeesz.com/file/sg-11134201-7rd4w-ltzc3swlccuu27,https://shopee.tw/product/179481064/25973665547,客廳
25833327790,中古ins風落地置物架，不鏽鋼層架 床邊櫃 置物架 家用廚房收纳，床邊零食小推車 厨房收納，床頭多功能邊几 金屬不鏽鋼桌,599.0,,金屬 不鏽鋼,多功能,https://s-cf-tw.shopeesz.com/file/tw-11134207-7r98q-lxkxxog2oxm82a,https://shopee.tw/product/179481064/25833327790,客廳
25792520874,羊羔絨旋轉椅 美髮椅 滾輪理髮師椅 升降椅+360°旋轉 前台接待椅 候診椅等待區休息椅 SPA館、美甲店、造型工作室,1899.0,,絨 羊羔絨,旋轉,https://s-cf-tw.shopeesz.com/file/sg-11134201-7rd5j-m77mevpazi0382,https://shopee.tw/product/179481064/25792520874,客廳
25733425696,北歐風餐椅 擬原木風椅子 鐵椅 咖啡廳椅子 設計師餐桌椅 休閒餐椅 靠背椅 日式設計餐椅,699.0,,原木 木 鐵,北歐 日式,https://s-cf-tw.shopeesz.com/file/sg-11134201-7rdvu-lxmmz9ps03wq8b,https://shopee.tw/product/179481064/25733425696,客廳
26655854159,靠背旋轉椅 升降吧檯椅 收銀台 前台美甲椅 多功能島椅 高腳旋轉椅 吧檯椅耐用 省空間設計 現代家居 輕鬆升降 旋轉椅,1350.0,,,現代 多功能 旋轉,https://s-cf-tw.shopeesz.com/file/tw-11134207-7r98q-lxzaf59kc36u8c,https://shopee.tw/product/179481064/26655854159,客廳
26562040322,【熱銷高腳椅】吧台椅 吧椅 高腳桌椅 彩色鐵椅高腳桌椅 家用靠窗休閒咖啡奶茶酒吧 飯店bar大廳椅 酒館餐椅,1749.0,75cm,鐵,,https://s-cf-tw.shopeesz.com/file/sg-11134201-7rdxn-m0g1taax46eyd9,https://shopee.tw/product/179481064/26562040322,客廳
26555096149,奶油風格家居 方凳小凳子 網紅沙發脚踏，客廳坐墩，門口換鞋矮凳！沙發脚踏矮凳,899.0,,,,https://s-cf-tw.shopeesz.com/file/tw-11134207-7r98v-lxl4lwmd4wme56,https://shopee.tw/product/179481064/26555096149,客廳
26519919180,矮凳腳踏 圓凳方凳化妝凳梳妝椅 換鞋凳兒童凳 客廳沙發茶几凳 換鞋凳墩子 小板凳,599.0,,,,https://s-cf-tw.shopeesz.com/file/sg-11134201-7rfi4-m3gaeh4cmxs3e2,https://shopee.tw/product/179481064/26519919180,客廳
26465996093,ins風網紅設計師矮凳 圓凳戶外椅防水椅塑膠椅小戶型凳子 邊桌邊几 家用客廳換鞋坐凳 創意塑膠沙漏凳子,899.0,,塑膠,小戶型,https://s-cf-tw.shopeesz.com/file/tw-11134207-7rasi-m1zc72v1q6itcc,https://shopee.tw/product/179481064/26465996093,客廳
26461069264,【工業風鐵椅】酒吧高腳椅 燒烤店餐椅 靠背吧台凳吧桌 吧台椅高腳桌 酒店bar凳子 木凳 圓凳圓桌圓形椅,1199.0,直徑55cm,木 鐵,工業風,https://s-cf-tw.shopeesz.com/file/tw-11134207-7r98o-m0371matoxcj1a,https://shopee.tw/product/179481064/26461069264,客廳
26428285993,高腳吧台椅 - 升降旋轉椅 鐵椅酒吧椅+靠背高吧凳 升降旋轉吧台凳 靠背酒吧椅，適家用吧台、餐廳、酒吧餐酒館飯店吧檯,2299.0,,鐵,旋轉,https://s-cf-tw.shopeesz.com/file/sg-11134201-7rd3l-m6xr7ry8qe421d,https://shopee.tw/product/179481064/26428285993,客廳
26355438265,仙人掌茶几矮凳 兒童房家具 寵共用家具 貓窩床头櫃 奶油風家居 多功能貓窩 家居茶几 寵物家具設計 多巴胺彩色家具 狗窩,2999.0,,,多功能,https://s-cf-tw.shopeesz.com/file/tw-11134207-7r990-lxs4bt4b8do0d8,https://shopee.tw/product/179481064/26355438265,客廳
26310328982,鵝卵石造型布沙發 商場等待區公共空間休息椅 圓凳矮凳沙發凳 大廳招待處桌椅 購物中心休息區接待 百貨公司凳子懶骨頭,2199.0,,木 布,,https://s-cf-tw.shopeesz.com/file/sg-11134201-7rdya-lzt58blnsnqgee,https://shopee.tw/product/179481064/26310328982,客廳
26279160989,北歐ins風 蘑菇換鞋凳 圓凳換鞋凳 網紅客廳沙發凳+梳妝矮凳，絨面質感設計，玄關/臥室/咖啡廳百搭神器！,2199.0,,絨,北歐,https://s-cf-tw.shopeesz.com/file/tw-11134207-7rbk8-m77n98cw3fxt13,https://shopee.tw/product/179481064/26279160989,客廳
26908264973,壓克力椅 透明凳 展示櫃 展示架 透明茶几 透明花架 梳妝凳 化妝椅 換鞋凳 化妝凳沙發邊几,499.0,,,,https://s-cf-tw.shopeesz.com/file/tw-11134207-7r98x-lz4pn4n81qn222,https://shopee.tw/product/179481064/26908264973,客廳
26855000437,邊几茶几 金屬方几家用小桌子沙發好伙伴 家用沙發旁邊小桌子 pvc多功能方几 展示櫃 床邊櫃 床頭櫃,999.0,35x35x55cm,金屬,多功能,https://s-cf-tw.shopeesz.com/file/tw-11134207-7r98u-lxky03rgwyeo13,https://shopee.tw/product/179481064/26855000437,書房
26816169234,沙發邊桌 置物櫃工業風 臥室床頭櫃 網紅可移動推車 收納邊櫃 浴室櫃櫥櫃角櫃 邊桌邊櫃零食推車 可移動收納櫃邊桌鐵桌,2399.0,,鐵,工業風,https://s-cf-tw.shopeesz.com/file/sg-11134201-7reoi-m217t4yrkpq447,https://shopee.tw/product/179481064/26816169234,客廳
26813986870,【復古鐵桌】咖啡廳桌椅書店桌椅單人沙發 靠背沙發 洽談桌奶茶店甜點桌椅 鐵桌鐵椅下午茶餐廳 酒吧沙發組合 高腳吧台凳,2799.0,,木 鐵,復古,https://s-cf-tw.shopeesz.com/file/sg-11134201-7rdw3-m1cu9y77598132,https://shopee.tw/product/179481064/26813986870,書房
26761959929,多巴胺色圓凳 化妝凳梳妝凳 羊羔絨椅臥室咖啡廳餐凳 網紅化妝椅 可堆疊創意小凳子 高凳子 圓形椅 絨布椅 白日夢想家具店,2199.0,,布 絨 羊羔絨,,https://s-cf-tw.shopeesz.com/file/sg-11134201-7rdvw-m0eoucknkc5g19,https://shopee.tw/product/179481064/26761959929,客廳
26719938252,彩虹塑膠兒童椅小凳子 矮凳洗澡椅浴室凳墊腳椅 可愛墊腳凳 浴室盥洗台踩凳 彩色多巴胺色霓虹椅小板凳 幼稚園補習班幼兒椅,699.0,,塑膠,,https://s-cf-tw.shopeesz.com/file/tw-11134207-7rasg-m3gi6g21c49m1d,https://shopee.tw/product/179481064/26719938252,客廳
26685778902,工業風鐵桌咖啡桌 戶外桌 奶茶店/洽談區休息區 ins風小圓桌商用爆款 甜品店網紅同款 暴雨暴曬不變形,3380.0,,鐵,工業風,https://s-cf-tw.shopeesz.com/file/tw-11134207-7rbk6-m99tt5etedfpbe,https://shopee.tw/product/179481064/26685778902,書房
26666169021,【北歐復古茶几】方形茶几 中古包豪斯設計 不銹鋼櫻桃色茶几 方桌小桌小戶型餐桌 邊桌木桌 收納桌 白日夢想家具店,3199.0,,木,小戶型 北歐 復古,https://s-cf-tw.shopeesz.com/file/tw-11134207-7rasc-m21726x32y6d36,https://shopee.tw/product/179481064/26666169021,書房
26661963566,北歐奶油風凳子 不銹鋼椅凳 圓凳咖啡廳桌椅 餐酒館餐椅 花店鐵椅 換鞋凳 手提凳簡約梳妝凳 餐凳可堆疊 軟包椅,999.0,,鐵,北歐 簡約,https://s-cf-tw.shopeesz.com/file/sg-11134201-7rdyi-m0em69145bluf6,https://shopee.tw/product/179481064/26661963566,客廳
27209946693,高腳桌 吧檯桌 木桌 圓桌 鐵桌小圓桌茶几 陽台休閒角几 原木色胡桃木沙發邊几 咖啡桌 餐桌,1949.0,52cm,原木 木 鐵,,https://s-cf-tw.shopeesz.com/file/sg-11134201-7rdws-lzooirc0o1zb69,https://shopee.tw/product/179481064/27209946693,書房
27205937139,折疊酒吧椅 高腳椅 高腳凳 吧檯椅 吧椅 櫃式設計 收銀台吧椅 高腳酒吧凳 多功能折疊吧椅 便攜省空間 白日夢想家具店,899.0,70CM,木,多功能,https://s-cf-tw.shopeesz.com/file/tw-11134207-7r992-ly0wcdoissva46,https://shopee.tw/product/179481064/27205937139,客廳
27166977098,【北歐奶油風床頭櫃】邊桌邊几 收納櫃床櫃 抽屜櫃臥室小戶型儲物櫃 床邊收納櫃 多功能置物櫃 小櫃子拱門造型櫃,999.0,48CM,,小戶型 北歐 多功能,https://s-cf-tw.shopeesz.com/file/tw-11134207-7rasf-m2c4wonktrfe25,https://shopee.tw/product/179481064/27166977098,書房
27012037564,蕾絲編織凳 波西米亞風 手工流蘇椅 矮凳圓凳 小凳子 手工編織 茶几凳矮桌 沙發休閒腳踏 網紅梳妝台凳,1799.0,30cm,,,https://s-cf-tw.shopeesz.com/file/sg-11134201-7rdy3-m0g108lndgp528,https://shopee.tw/product/179481064/27012037564,客廳
26978285426,金色化妝椅 臥室梳妝凳+主播椅 金色設計升降椅，化妝椅+電腦椅 貴婦美容椅 奢華絨布椅 美甲店、書房,2599.0,,布 絨,,https://s-cf-tw.shopeesz.com/file/tw-11134207-7rbkb-m6xqwtxz74n35d,https://shopee.tw/product/179481064/26978285426,客廳
26961970092,復古美式方凳 不銹鋼換鞋凳 包豪斯風格梳妝凳 網紅臥室化妝凳 餐椅鐵椅 千鳥格矮凳,1699.0,,鐵,復古,https://s-cf-tw.shopeesz.com/file/tw-11134207-7rasd-m0g168jdez1j06,https://shopee.tw/product/179481064/26961970092,客廳
26961958263,單人沙發椅 北歐奶油風 等待休息區 招待椅 懶人椅 沙發美容院民宿 咖啡店設計師款 白日夢想家具店,3999.0,,,北歐,https://s-cf-tw.shopeesz.com/file/tw-11134207-7ras8-m0el2ui1zsgjbc,https://shopee.tw/product/179481064/26961958263,客廳
26935786075,沙發邊几小圓桌 鐵桌床邊桌床頭置物架 戶外桌茶几+邊櫃多功能 ins風客廳臥室百搭神器！Y型桌咖啡廳桌 白日夢想家具店,2190.0,,鐵,多功能,https://s-cf-tw.shopeesz.com/file/sg-11134201-7rffh-m99uh3mrn82q99,https://shopee.tw/product/179481064/26935786075,書房
26909948400,透明吧檯椅 高吧椅 壓克力高腳椅 酒吧椅 高腳餐椅 透明椅 咖啡廳奶茶店 高腳凳 大廳展示椅 酒店吧檯桌椅,2199.0,,,,https://s-cf-tw.shopeesz.com/file/tw-11134207-7r98p-lzorcexfc0l071,https://shopee.tw/product/179481064/26909948400,客廳
26855852524,高腳椅 吧檯椅 高腳桌人貓共用家具 多功能凳子貓窩 兩用戶外吧椅 家用貓架 貓爬架 狗窩寵物用品 省空間2024新款,799.0,,,多功能,https://s-cf-tw.shopeesz.com/file/tw-11134207-7r98y-lxz7qigd5kbq68,https://shopee.tw/product/179481064/26855852524,餐廳
27609242959,奶油風電腦椅 北歐風辦公椅 電競椅 化妝椅 靠背椅旋轉椅 學生學習書桌椅子 白日夢想家具店,2399.0,,,北歐 旋轉,https://s-cf-tw.shopeesz.com/file/tw-11134207-7r98u-lzga1oo4y80u14,https://shopee.tw/product/179481064/27609242959,客廳
27525541489,設計師指定長凳 等候區休息椅長椅長條凳  真皮輕奢換鞋凳 復古風格 穿鞋凳+床尾凳，簡約現代設計，適用玄關、臥室、衣帽間,2999.0,60CM,,輕奢 簡約 復古,https://s-cf-tw.shopeesz.com/file/sg-11134201-7rbn4-m5zrlqywbjny86,https://shopee.tw/product/179481064/27525541489,客廳
27517950320,日式原木風衣帽架 酒店衣架 飯店民宿衣櫃床邊掛衣架 落地衣帽架 室內小型床頭 放衣服神器 置物架 書報架,1499.0,,原木 木,日式,https://s-cf-tw.shopeesz.com/file/sg-11134201-7renn-m2qi0ddpxx9j66,https://shopee.tw/product/179481064/27517950320,臥室
27404985356,多功能免安裝折疊桌 - 便捷長條桌，市集餐桌，培訓會議桌 空間魔法師 - 免安裝折疊桌，一桌多用，書桌餐桌隨意切換,499.0,,,多功能,https://s-cf-tw.shopeesz.com/file/sg-11134201-7rdvq-lxjl6fio1c2u68,https://shopee.tw/product/179481064/27404985356,書房
27365360231,【法式邊櫃】設計師款床頭櫃 黑色方櫃 四葉草貝殼櫃餐邊櫃電視櫃 斗櫃櫥櫃模組化餐櫃 組合櫃置物櫃 置物架 白日夢想家具店,3290.0,400x400x400cm,,,https://s-cf-tw.shopeesz.com/file/sg-11134201-7reqn-m1qqpzax4ssp87,https://shopee.tw/product/179481064/27365360231,書房
27361964198,北歐風換鞋凳 羊羔絨凳子休息區 等待區小矮凳 商場百貨長凳 不鏽鋼穿鞋凳 客廳沙發腳踏 試衣間軟包矮凳 可疊放餐凳,1150.0,,不鏽鋼 絨 羊羔絨,北歐,https://s-cf-tw.shopeesz.com/file/sg-11134201-7rdxc-m0en6wo10pf4a4,https://shopee.tw/product/179481064/27361964198,客廳
27329552294,【安全圓角】兒童床頭櫃玩具收納櫃 臥室/遊戲區/幼兒園 卡通沙發邊櫃 繪本收納，可移動設計萌趣外型，親子房兒童房布置家具,1499.0,,布,,https://s-cf-tw.shopeesz.com/file/tw-11134207-7rbkc-m7btxeqngk766e,https://shopee.tw/product/179481064/27329552294,客廳
27256309012,小狗動物造型換鞋凳 可愛動物鞋架 原木風換鞋凳 家用可坐穿鞋 兒童房幼兒園適用 玄關長凳 多功能鞋架 白日夢想家具店,2299.0,,原木 木,多功能,https://s-cf-tw.shopeesz.com/file/tw-11134207-7rasf-m113n8xglutbde,https://shopee.tw/product/179481064/27256309012,客廳
28061959767,北歐奶油風方凳 網紅化妝椅 臥室化妝檯椅子 換鞋凳客廳小凳子 羊羔絨軟包凳 矮凳 白日夢想家具店,1699.0,,絨 羊羔絨,北歐,https://s-cf-tw.shopeesz.com/file/sg-11134201-7rdyg-m0eo68r9gxfyff,https://shopee.tw/product/179481064/28061959767,客廳
28059253760,中古風 復古綠沙發 心理諮商椅 放鬆椅 治療椅  單人沙發 休閒椅 客廳陽台多功能椅 旋轉椅 椅墊可拆洗好整理,2399.0,,,復古 多功能 旋轉,https://s-cf-tw.shopeesz.com/file/tw-11134207-7rbk6-m710edm80ugv47,https://shopee.tw/product/179481064/28059253760,客廳
27991874991,北歐床頭櫃客廳收納櫃 行動收納推車 附滑輪零食小推車 臥室廚房多功能置物架 床頭收納櫃 網紅ins附滑輪收納櫃,990.0,,,北歐 多功能 滑輪,https://s-cf-tw.shopeesz.com/file/tw-11134207-81ztp-mgvuwajg4gehe1,https://shopee.tw/product/179481064/27991874991,玄關
27912854117,吧檯椅 高腳凳吧檯椅 KTV收銀前檯椅 可堆疊休高腳椅 吧檯椅 吧椅 酒吧椅吧檯凳 鐵椅家用陽台椅戶外椅,1199.0,,鐵 布 皮革,,https://s-cf-tw.shopeesz.com/file/sg-11134201-7rdxl-m0tv9mthz9qc46,https://shopee.tw/product/179481064/27912854117,客廳
27905343667,吧台桌 高腳桌椅組合 鐵桌鐵椅戶外椅高腳圓形桌椅 商用户外酒吧桌椅 陽台休閒桌椅 金屬酒吧桌椅 商用金屬吧台,1350.0,,鐵 金屬,,https://s-cf-tw.shopeesz.com/file/tw-11134207-7ras9-m0l8d852f5yf90,https://shopee.tw/product/179481064/27905343667,書房
27825407394,可旋轉! 可升降!化妝椅 小型靠背椅 小戶型電腦椅+書桌學習椅 臥室宿舍適用化妝、學習、辦公，家用書桌椅，女生最愛,1999.0,8CM,布,小戶型 可升降 旋轉,https://s-cf-tw.shopeesz.com/file/tw-11134207-7rasj-m5y8i252cl3h2e,https://shopee.tw/product/179481064/27825407394,客廳
27725404318,幼兒園小貓換鞋凳 兒童矮凳 動物造型椅 兒童房家具 心理治療諮詢放鬆療育家具 兒童動物坐凳 - 小貓造型矮凳,1999.0,,,,https://s-cf-tw.shopeesz.com/file/tw-11134207-7rasa-m5y5bcfznri964,https://shopee.tw/product/179481064/27725404318,客廳
27712078661,北歐升降椅 辦公椅 會議室桌椅 會客椅電腦椅麻布絨布椅 高腳餐椅 不鏽鋼咖啡廳椅 輕奢設計師款 雪尼爾麻絨布餐凳,3599.0,,不鏽鋼 布 絨,輕奢 北歐,https://s-cf-tw.shopeesz.com/file/sg-11134201-7rdwa-m0hagaq53mi8ce,https://shopee.tw/product/179481064/27712078661,客廳
27628275912,升降電腦椅 學生書桌椅+家用靠背旋轉椅 升降椅 原木靠背設計，小巧輕便，書房、美容美甲美髮店家具,1899.0,,原木 木 布,旋轉,https://s-cf-tw.shopeesz.com/file/tw-11134207-7rbkd-m6xpgr3muaag49,https://shopee.tw/product/179481064/27628275912,客廳
27620942965,北歐原木風推車 沙發邊几床頭櫃小推車 咖啡廳可移動邊幾小推車 茶几帶輪子 零食置物架床頭櫃 邊櫃 收納推車 置物櫃,1499.0,40x40x68cm,原木 木,北歐,https://s-cf-tw.shopeesz.com/file/sg-11134201-7rfhi-m3wb02fen4wy12,https://shopee.tw/product/179481064/27620942965,書房
28261053540,【北歐奶油風沙發】丹麥設計小戶型沙發 單人沙發三人沙發 貓抓皮沙發客廳小戶型 易打理布藝沙發椅,2699.0,60x70x70cm,布 貓抓皮,小戶型 北歐,https://s-cf-tw.shopeesz.com/file/tw-11134207-7r992-m02zbjr342c3a9,https://shopee.tw/product/179481064/28261053540,客廳
28209254118,復古風條紋沙發 扶手椅 休息區等待區椅子 家用高靠背沙發椅 休閒椅 懶單人設計 美式復古單人椅 單人沙發 白日夢想家具店,2999.0,,,復古,https://s-cf-tw.shopeesz.com/file/tw-11134207-7r990-lzro4hy9pzhwb6,https://shopee.tw/product/179481064/28209254118,客廳
28205514480,貓窩換鞋凳 化妝椅美甲椅 化妝凳 半封閉貓屋狗窩 人貓共用 寵物用品 創意家居 省空間 白日夢想家具店 易清潔,2199.0,,,,https://s-cf-tw.shopeesz.com/file/tw-11134207-7r991-lxtdly38x9nq62,https://shopee.tw/product/179481064/28205514480,客廳
28166467877,寶寶衣櫃 嬰兒收納櫃 宿舍衣櫃浴室櫃 租房衣櫃 摺疊衣櫃 租屋收納櫃 組裝櫃子兒童小衣櫥 塑膠置物櫃 櫥櫃兒童房櫃子壁櫃,1299.0,65CM,塑膠,,https://s-cf-tw.shopeesz.com/file/sg-11134201-7repx-m26gdcixja9sc9,https://shopee.tw/product/179481064/28166467877,客廳
28116963422,床頭櫃 邊櫃 收納推車 抽屜櫃浴室櫃櫥櫃零食車家用臥室床邊櫃 設計師款可移動推車 收納櫃 小戶型理想選擇 白日夢想家具店,1550.0,,,小戶型,https://s-cf-tw.shopeesz.com/file/sg-11134201-7repv-m2c3my7w9ipk40,https://shopee.tw/product/179481064/28116963422,客廳
28109965801,小戶型沙發 單人沙發 懶人椅 懶人沙發 發呆椅 放鬆椅 可躺可睡榻榻米 復古豆袋單人沙發椅 客廳休閒,999.0,,,小戶型 復古,https://s-cf-tw.shopeesz.com/file/tw-11134207-7r98p-lzorxt3c93as2c,https://shopee.tw/product/179481064/28109965801,客廳
28075531418,復古高級長凳長椅 等待區休息椅 大廳候診椅換鞋凳 服裝店休閒凳，臥室床尾凳、玄關、試衣間、咖啡廳服裝店、民宿,1699.0,90CM,,復古,https://s-cf-tw.shopeesz.com/file/sg-11134201-7rbkl-m5zqg8bvl0ms4d,https://shopee.tw/product/179481064/28075531418,客廳
28062029817,彩色奶油風 小戶型絨布編織椅 小凳 方凳 化妝凳梳妝台凳 北歐臥室椅子 網紅ins風化妝台凳 女生可愛小椅子,1699.0,,原木 木 布,小戶型 北歐,https://s-cf-tw.shopeesz.com/file/tw-11134207-7rasd-m0g0pj1rl0b7c7,https://shopee.tw/product/179481064/28062029817,客廳
28605105807,原木風小户型收納櫃、日式收納架、置物架、小户型家居、客廳展示架、收納架、矮櫃、小户型收納、收納櫃,2499.0,1650x410x500cm,原木 木,日式,https://s-cf-tw.shopeesz.com/file/tw-11134207-7r98q-lxla5q8q54xcb0,https://shopee.tw/product/179481064/28605105807,書房
28590129541,起司奶酪椅 ins風糖果色塑膠椅戶外椅 咖啡廳甜點蛋糕店餐椅 家用創意餐椅 民宿咖啡廳拍照道具 卡通靠背椅 中古風個性,1199.0,,塑膠,,https://s-cf-tw.shopeesz.com/file/tw-11134207-7ra0h-mdlkxqz4lclj67,https://shopee.tw/product/179481064/28590129541,客廳
28589319911,機器人造型床頭櫃 大眼怪小怪獸沙發邊櫃 創意收納櫃置物櫃 兒童房/客廳儲物櫃 萌趣創意家居擺件零食櫃櫥櫃,3699.0,,,,https://s-cf-tw.shopeesz.com/file/tw-11134207-7ra0o-mct2s8aihy4f77,https://shopee.tw/product/179481064/28589319911,客廳
28462089221,辦公室椅 會議室椅 可升降電腦椅 展廳桌椅 滾輪椅演講椅學習椅 宿舍辦公家用書房 鋁合金平腳 伊姆斯風格 懶人椅,2199.0,,鋁,可升降,https://s-cf-tw.shopeesz.com/file/sg-11134201-7rdwo-m0hiatl5crus48,https://shopee.tw/product/179481064/28462089221,客廳
28460210033,小圓凳 沙發凳 坐墩 商場等候區休息區椅子 換鞋凳 購物中心接待區沙發椅 培訓機構 美容醫美等待椅 圓形椅子 單人沙發,2399.0,,,,https://s-cf-tw.shopeesz.com/file/tw-11134207-7r98p-lzrphdx085boa5,https://shopee.tw/product/179481064/28460210033,客廳
28408900994,辦公椅 會議室椅 會客椅 展示椅 展覽椅 接待椅 說明會桌椅 塑膠椅 飯店餐廳餐椅 會議室訓練椅 洽談靠背凳 家用書桌椅,890.0,,塑膠,,https://s-cf-tw.shopeesz.com/file/tw-11134207-7r991-lzabgb34i39064,https://shopee.tw/product/179481064/28408900994,客廳
28361439451,長沙發 大廳休息區 會客室等待椅 招待區桌椅 長條換鞋凳 幼兒園軟包沙發 教育中心彩色圍欄 家長休息椅 白日夢想家具店,1799.0,,,,https://s-cf-tw.shopeesz.com/file/tw-11134207-7r98y-m08mmllna8czf8,https://shopee.tw/product/179481064/28361439451,客廳
28318291193,圓形展示台地台 模特兒底座 美妝產品陳列架 服飾店中島展位展示架 可折疊收納婚禮背板布置展示架展示櫃 展覽化妝品陳列,499.0,直徑40cm,布,可折疊,https://s-cf-tw.shopeesz.com/file/sg-11134201-7reni-m2usvahe1bln82,https://shopee.tw/product/179481064/28318291193,客廳
28263433214,【工業風吧檯椅】鐵椅吧椅高腳酒吧椅咖啡廳吧台凳島台休閒椅飯店凳子 高腳鐵藝酒吧椅咖啡椅,2299.0,,鐵,工業風,https://s-cf-tw.shopeesz.com/file/tw-11134207-7rasf-m12u71gahs8v8f,https://shopee.tw/product/179481064/28263433214,客廳
28784245816,現代幾何邊几 白色馬賽克邊桌 極簡主義客廳茶几 立體拼貼紋路 防潮防黴 小戶型浴室/沙發邊桌/民宿小眾格調神器！,2999.0,,,小戶型 現代,https://s-cf-tw.shopeesz.com/file/tw-11134207-7rbk8-m8ua6rsjnu937b,https://shopee.tw/product/179481064/28784245816,書房
28763364622,【北歐皮餐椅】鐵椅皮椅餐椅 靠背休閒椅 餐廳咖啡椅 加寬椅背 寬椅背飯店酒吧桌椅 小戶型客廳桌椅 白日夢想家具店,1050.0,,鐵 布,小戶型 北歐,https://s-cf-tw.shopeesz.com/file/sg-11134201-7rdvn-m1155big3gyxf9,https://shopee.tw/product/179481064/28763364622,客廳
28762330500,吧檯椅高腳椅 前台椅大廳桌椅 酒吧商場百貨櫃位椅 旋轉椅咖啡廳皮椅鐵椅 吧椅高腳凳 靠背酒吧椅 前台桌椅 時尚輕奢凳子,1999.0,65cm,鐵,輕奢 旋轉,https://s-cf-tw.shopeesz.com/file/tw-11134207-7rasd-m0l9wdhf2mlje8,https://shopee.tw/product/179481064/28762330500,客廳
28762037871,戶外長凳公園長椅 鐵椅 長椅 ins韓國風咖啡廳椅 奶茶咖啡店健身房休息凳 商場鐵藝座椅子 創意設計,1199.0,120x40,鐵,,https://s-cf-tw.shopeesz.com/file/sg-11134201-7rdwr-m0g1fl3ousxqc0,https://shopee.tw/product/179481064/28762037871,客廳
28711453096,【設計師指定】北歐風沙發 網紅單人沙發 奶油風 絨布椅休閒椅 飯店大廳休息椅 商場椅美甲椅接待洽談沙發 簡約懶人臥室沙發,899.0,,木 布 絨,北歐 簡約,https://s-cf-tw.shopeesz.com/file/tw-11134207-7r98q-m08t9ttacr1j2f,https://shopee.tw/product/179481064/28711453096,客廳
28658904928,日式原木餐椅 北歐風 實木板 靠背凳 餐桌椅 中古風設計師款 皮椅 白日夢想家具店,2699.0,,實木 原木 木,北歐 日式,https://s-cf-tw.shopeesz.com/file/tw-11134207-7r991-lzacuthvha8u77,https://shopee.tw/product/179481064/28658904928,客廳
28615402201,文件櫃檔案櫃床頭櫃 沙發邊櫃 ins風金屬把手 抽屜櫃收納櫃 置物櫃鐵櫃四層五斗櫃 餐邊櫃 櫥櫃儲物櫃置物櫃收納櫃,2999.0,,鐵 金屬,,https://s-cf-tw.shopeesz.com/file/tw-11134207-7rase-m1z7zmzrvkhx9f,https://shopee.tw/product/179481064/28615402201,客廳
29024982667,【實木可疊放】家用餐椅 原木方凳餐凳+臥室梳妝凳 無印北歐風 餐廳、臥室梳妝台，節省空間首選,899.0,40厘米,實木 原木 木,北歐,https://s-cf-tw.shopeesz.com/file/tw-11134207-7rasb-m5sbvh948cn5a2,https://shopee.tw/product/179481064/29024982667,客廳
29012096241,北歐升降椅 辦公椅會客椅電腦椅 學習椅家用書房宿舍辦公椅 皮椅 鐵椅鋁合金平腳 時尚美甲靠背椅 演講廳椅展示椅,2899.0,,鐵 鋁 塑膠,北歐,https://s-cf-tw.shopeesz.com/file/tw-11134207-7rase-m0hhx5axoafn96,https://shopee.tw/product/179481064/29012096241,客廳
29009652061,圓桌 茶几 沙發邊櫃 側櫃茶几 置物架 圓桌 小邊幾 床頭櫃 床邊櫃 白日夢想家具店,899.0,,木,,https://s-cf-tw.shopeesz.com/file/tw-11134207-7r98u-lzkaaidcer6m99,https://shopee.tw/product/179481064/29009652061,書房
29004812443,化妝椅 旋轉椅 開學宿舍座椅靠背住宿學生學習椅,2150.0,,布 貓抓皮,旋轉,https://s-cf-tw.shopeesz.com/file/tw-11134207-7r98p-lxkxv069kq40e8,https://shopee.tw/product/179481064/29004812443,客廳
28968319000,奶油風圓桌 鬱金香圓桌鐵桌小戶型沙發邊几茶几 戶外桌 可移動客廳小茶几 圓桌小桌 喇叭腳桌創意角几 白日夢想家具店,1199.0,,鐵,小戶型,https://s-cf-tw.shopeesz.com/file/sg-11134201-7rene-m2v0yydmo6fd25,https://shopee.tw/product/179481064/28968319000,書房
28878287950,櫸木旋轉椅 靠背沙發椅餐椅 書桌椅+小戶型餐椅 寫字椅 麻布貓抓皮椅 顏色客製 書桌、小型餐廳 白日夢想家具店,2199.0,,木 布 貓抓皮,小戶型 旋轉,https://s-cf-tw.shopeesz.com/file/sg-11134201-7rd5g-m6xsq9v3le1g77,https://shopee.tw/product/179481064/28878287950,客廳
28867834098,北歐風高腳椅 圓凳圓形椅 靠背吧台凳 中島高腳凳子 鐵椅吧凳 高腳凳 矮凳吧台椅 酒吧椅子 白日夢想家具店,1699.0,,木 鐵,北歐,https://s-cf-tw.shopeesz.com/file/tw-11134207-7rasj-m2otfffnk0az3b,https://shopee.tw/product/179481064/28867834098,客廳
28855103281,掃地機器人置物架、加高收納櫃、移動沙發層架、收納小推車、多功能收納架、移動邊几、日式收納小推車、零食櫃 茶水間置物,249.0,,,日式 多功能,https://s-cf-tw.shopeesz.com/file/sg-11134201-7rdy2-lxl96wvqa99i45,https://shopee.tw/product/179481064/28855103281,玄關
29305362012,陽台吧桌 原木風高腳桌 奶茶店咖啡桌 酒吧桌北歐風鐵桌快餐店酒吧桌 伊姆斯吧台桌 展會洽談桌吧台 奶油風吧台桌 高腳吧桌,1799.0,60cm,原木 木 鐵,北歐,https://s-cf-tw.shopeesz.com/file/tw-11134207-7r98u-lxqsck9be5gw29,https://shopee.tw/product/179481064/29305362012,書房
29267276290,多功能收納櫃 抽屜式收納櫃 家用客廳置物櫃 窄櫃邊櫃夾縫設計 玩具零食收納櫃 臥室床頭櫃 廚房收納架 整理櫃置物籃浴室櫃,1999.0,32cm,,多功能,https://s-cf-tw.shopeesz.com/file/sg-11134201-7repd-m2glgrmykueib3,https://shopee.tw/product/179481064/29267276290,玄關
29211338663,升降桌 高腳桌 吧桌小圓桌 酒吧餐椅 圓桌 鐵桌高腳桌吧台桌 圓形高腳酒吧 白色吧椅組合,2099.0,直徑60cm,鐵 布,,https://s-cf-tw.shopeesz.com/file/tw-11134207-7r98q-m05xj45j5fbnbd,https://shopee.tw/product/179481064/29211338663,書房
29209121984,高腳椅 旋轉靠背吧檯椅 皮椅鐵椅 中島台餐椅 圓凳設計 多功能椅 轉椅 旋轉椅 酒吧椅 高腳桌椅 白日夢想家具店,899.0,75CM,鐵,多功能 旋轉,https://s-cf-tw.shopeesz.com/file/tw-11134207-7r992-lzehz6tsxa0k2a,https://shopee.tw/product/179481064/29209121984,客廳
29163433322,【金色高腳椅】高質感飯店專用 酒吧高腳凳 大氣金色吧檯椅 高腳鐵藝酒吧椅 咖啡廳靠背美式凳,1399.0,,鐵,,https://s-cf-tw.shopeesz.com/file/sg-11134201-7rdvc-m12uqhkvzauhbf,https://shopee.tw/product/179481064/29163433322,客廳
29074968249,【小戶型首選】復古胡桃色圓形餐桌 - 郁金香設計，適用陽台、咖啡廳、家用，時尚與實用兼具,1899.0,70x70x73cm,,小戶型 復古,https://s-cf-tw.shopeesz.com/file/tw-11134207-7rasl-m5saaa4vgni918,https://shopee.tw/product/179481064/29074968249,書房
29070947439,復古仿木紋圓邊几 茶几圓桌民宿咖啡桌甜點桌客廳藝術沙發茶几 花架書店雜貨店桌椅 優雅溫潤小桌 白日夢想家具店,2299.0,,木,復古,https://s-cf-tw.shopeesz.com/file/sg-11134201-7rfhe-m3w9wximev9i3c,https://shopee.tw/product/179481064/29070947439,書房
29067934648,原木色花架 置物架 落地式架子 陽台玄關花盆植物架 迷你桌圓桌小圓桌咖啡桌 邊桌床邊桌小戶型桌子 高腳桌,1599.0,60cm,原木 木,小戶型,https://s-cf-tw.shopeesz.com/file/sg-11134201-7reoa-m2qh11t2qhm5bb,https://shopee.tw/product/179481064/29067934648,臥室
29062078881,電腦椅 升降辦公會議椅 可升降學習椅 家用書房電腦椅 塑膠椅皮椅 滾輪靠背扶手椅 白日夢想家具店,2799.0,,塑膠,可升降,https://s-cf-tw.shopeesz.com/file/sg-11134201-7rdww-m0hax8gmtqdlbd,https://shopee.tw/product/179481064/29062078881,客廳
29511052830,【侘寂風沙發】復古毛毛蟲單人沙發 懶人沙發 創意布藝單人椅 臥室客廳休閒榻榻米 網紅ins風格,1499.0,,布,復古,https://s-cf-tw.shopeesz.com/file/sg-11134201-7rdxx-m02ycl0ywr351d,https://shopee.tw/product/179481064/29511052830,客廳
29483954545,【侘寂美學】捶打仿木紋邊桌 中古北歐風藝術茶几 客廳/茶室/民宿自然系空間靈魂單品！蛇紋設計，北歐中古感邊几,3599.0,,木,北歐,https://s-cf-tw.shopeesz.com/file/tw-11134207-7rbk8-m8q2n2n4tdyf36,https://shopee.tw/product/179481064/29483954545,書房
29461047989,壓克力透明高腳椅 透明餐椅 北歐工業風吧檯椅 bar桌椅 凳子餐椅休閒區 高腳酒吧凳 高腳桌 吧椅 白日夢想家具店,2499.0,,,北歐 工業風,https://s-cf-tw.shopeesz.com/file/tw-11134207-7r98q-m02yd0qpwu7b44,https://shopee.tw/product/179481064/29461047989,客廳
29411221124,【北歐原木風】高腳桌圓桌 吧台桌椅組合 咖啡廳吧桌 餐酒館桌椅 吧台桌 木桌鐵桌 酒吧桌 招待桌會客桌 白日夢想家具店,1549.0,,原木 木 鐵,北歐,https://s-cf-tw.shopeesz.com/file/sg-11134201-7rdyc-m04ny13a7ctv26,https://shopee.tw/product/179481064/29411221124,書房
29408264373,壓克力透明凳 透明椅 換鞋凳 防水椅 浴室洗澡凳 高級入戶穿鞋凳 透明塑膠凳 時尚創 壓克力家具 客廳裝飾品,1499.0,40cm,塑膠,,https://s-cf-tw.shopeesz.com/file/tw-11134207-7r98o-lz4p0v6ixkpq36,https://shopee.tw/product/179481064/29408264373,客廳
29311333139,酒吧桌 高腳桌 升降桌 婚宴桌 宴會桌會客桌 接待桌雞尾酒桌升降小圓桌 吧台桌 圓形高腳酒吧 bar餐桌 高腳餐桌,2099.0,直徑60cm,布,,https://s-cf-tw.shopeesz.com/file/tw-11134207-7r98u-m05x6zr7rkk308,https://shopee.tw/product/179481064/29311333139,書房
29309129393,【設計師指定】餐椅 皮椅 靠背凳 加厚雙層坐墊 超軟椅墊 久坐舒適 高級感椅子 白日夢想家具店,799.0,,,,https://s-cf-tw.shopeesz.com/file/tw-11134207-7r98u-lzekxqotlsl06a,https://shopee.tw/product/179481064/29309129393,客廳
29305857790,可折疊酒吧椅 吧檯椅 高腳凳釣魚椅 櫃檯收銀椅 高腳椅休閒椅折疊椅 省空間 易攜帶 白日夢想家具店,1099.0,,,可折疊,https://s-cf-tw.shopeesz.com/file/tw-11134207-7r98u-lxzdgc74blt20d,https://shopee.tw/product/179481064/29305857790,客廳
29837446160,包豪斯北歐軟包靠背+金屬框架 中古風餐椅 北歐設計師 家用書房/咖啡廳鋼管結構 民宿鐵椅 圖書館/展場/接待廳,2199.0,,鐵 金屬,北歐,https://s-cf-tw.shopeesz.com/file/sg-11134201-7ravl-matocyc6lpcg33,https://shopee.tw/product/179481064/29837446160,客廳
29733953193,極簡方形茶几 黑銀雙色方塊設計 咖啡桌邊桌角几邊几 咖啡廳/客廳/民宿 工作室/畫廊 可叠放 白日夢想家具店,3599.0,,,,https://s-cf-tw.shopeesz.com/file/tw-11134207-7rbk8-m8q18om9f5rba8,https://shopee.tw/product/179481064/29733953193,書房
29717833979,原木桌 高腳桌 吧台桌 小圓桌 咖啡廳高腳桌 酒吧桌椅組合 吧桌鐵桌 餐酒館桌椅飯店餐桌 白日夢想家具店 混搭拼接餐桌,1999.0,,原木 木 鐵,,https://s-cf-tw.shopeesz.com/file/tw-11134207-7rasg-m2oti9g69pxn00,https://shopee.tw/product/179481064/29717833979,書房
29575000111,復古原木沙發邊桌 客廳創意角几+茶几 胡桃色復古風木頭圓桌 茶桌，適用客廳、沙發旁，現代與經典融合,2499.0,直徑40cm,原木 木,復古 現代,https://s-cf-tw.shopeesz.com/file/tw-11134207-7rase-m5sjonetn11db9,https://shopee.tw/product/179481064/29575000111,書房
29561434333,長型沙發 長沙發 等待區休息椅 大廳會客椅 幼稚園輔導班家長椅  訓練機構等候區 波浪形沙發椅 多功能組合放鬆椅,1799.0,,,多功能,https://s-cf-tw.shopeesz.com/file/tw-11134207-7r98q-m08mkpm4rv1jb1,https://shopee.tw/product/179481064/29561434333,客廳
29508883292,公主椅 蝴蝶椅 兒童椅 彌月禮 兒童房桌椅 寶寶餐椅 新生兒送禮 學習椅 幼稚園桌椅 托嬰中心 卡通椅 小凳子 多功能兒,2680.0,,,多功能,https://s-cf-tw.shopeesz.com/file/sg-11134201-7rdw4-lza9tmfc5xc65a,https://shopee.tw/product/179481064/29508883292,餐廳
40610895174,蝴蝶結化妝椅 靠背梳妝椅 臥室ins風花瓣椅 網紅部落客同款拍照神器 花瓣造型化妝椅 奶油色北歐風梳妝凳,1499.0,,,北歐,https://s-cf-tw.shopeesz.com/file/tw-11134207-7ra0t-mct029f1kni734,https://shopee.tw/product/179481064/40610895174,客廳
40519984345,奶瓶狗窩貓窩 防水可拆洗 室外寵物包 冬季保暖防水狗窩 小型犬貓咪睡袋 可拆洗易清理寵物床 白日夢想家具店,2390.0,,,,https://s-cf-tw.shopeesz.com/file/tw-11134207-81ztl-mettdp1kz2mff4,https://shopee.tw/product/179481064/40519984345,臥室
40065213542,旋轉化妝椅 - 奶油風靠背化妝凳 移動梳妝凳 法式輕奢靠背凳 女生臥室360度旋轉設計 網紅ins風臥室梳妝台凳子,2280.0,,,輕奢 旋轉,https://s-cf-tw.shopeesz.com/file/sg-11134201-824gr-mdvydlb2mpdy27,https://shopee.tw/product/179481064/40065213542,客廳
40050849253,蝴蝶造型邊桌 中古風復古茶几+擺件設計師款軟裝神器 喬遷新婚禮物 復古落地擺件茶几 客廳侘寂風,2299.0,,,復古,https://s-cf-tw.shopeesz.com/file/tw-11134207-7rbk6-m9qxlzrcdo7m8f,https://shopee.tw/product/179481064/40050849253,書房
29905445176,幼稚園換鞋凳 兒童座椅動物凳子 兒童房椅凳 恐龍椅犀牛椅河馬椅 貓咪窩房子 人貓共用家具 多功能貓窩 貓咪用 狗窩寵物窩,2499.0,,,多功能,https://s-cf-tw.shopeesz.com/file/tw-11134207-7r98r-lxs5docabmzq35,https://shopee.tw/product/179481064/29905445176,客廳
29905376191,貓咪凳子 人貓共用椅 矮凳 圓凳 狗窩 寵物窩寵物別墅 人貓兩用寵物床 封闭式塑膠貓窩 防風貓窩,1299.0,,塑膠,,https://s-cf-tw.shopeesz.com/file/tw-11134207-7r98p-lxr0aotrrbjkd1,https://shopee.tw/product/179481064/29905376191,臥室
29866173687,【北歐多功能椅】收納凳換鞋凳 創意塑膠多巴胺色設計 極窄入戶矮凳 ins風儲物櫃矮凳 凳子方凳塑膠椅戶外桌椅,1299.0,,塑膠,北歐 多功能,https://s-cf-tw.shopeesz.com/file/tw-11134207-7ras9-m216gky3js795c,https://shopee.tw/product/179481064/29866173687,客廳
29861964625,【北歐奶油風餐椅】奶白色化妝椅 絨布餐桌椅 靠背單人椅 設計師指定款 美甲椅 商場藝廊椅 化妝椅洽談桌 書房臥室軟包椅,2799.0,,布 絨,北歐,https://s-cf-tw.shopeesz.com/file/sg-11134201-7rdvs-m0eoit97akehb9,https://shopee.tw/product/179481064/29861964625,客廳
29842072401,可升降旋轉辦公椅接待椅 帶輪化妝椅 梳妝椅 臥室小戶型家用 高級美甲師椅 滾輪椅升降椅絨布奶油風餐椅 白日夢想家具店,3350.0,,布 絨 皮革,小戶型 可升降 旋轉,https://s-cf-tw.shopeesz.com/file/tw-11134207-81ztl-mf14g2h6y1vze8,https://shopee.tw/product/179481064/29842072401,客廳
41653334764,日式原木高腳吧檯椅 設計師款金屬拼接工業風酒吧椅 家用/咖啡廳輕奢高腳椅 鐵椅 小戶型省空間神器，民宿/陽台美式工業風,999.0,,原木 木 鐵,小戶型 輕奢 日式,https://s-cf-tw.shopeesz.com/file/sg-11134201-7rasj-mamqjow4f39sc1,https://shopee.tw/product/179481064/41653334764,客廳
41604394012,INS網紅同款 伊姆斯風圓桌鐵桌餐桌 - 中古小戶型咖啡桌/辦公桌，純色極簡設計，客廳書房工作室，部落客同款拍照神器,2999.0,,鐵,小戶型,https://s-cf-tw.shopeesz.com/file/tw-11134207-7rbka-may1ht368tiub7,https://shopee.tw/product/179481064/41604394012,書房
41454868292,網紅ins同款伊姆斯搖椅 搖搖椅 小戶型陽台/客廳休閒躺椅，拍照神器 臥室/書房多功能，輕奢休閒椅,1699.0,,原木 木,小戶型 輕奢 多功能,https://s-cf-tw.shopeesz.com/file/tw-11134207-7ra0j-mb3xsv4lhbllbe,https://shopee.tw/product/179481064/41454868292,客廳
41364322178,復古北歐高腳椅 吧檯椅鐵椅 酒吧凳奶茶店前檯椅 酒吧/餐廳餐椅 復古鐵台凳 吧檯椅 白日夢想家具店 酒店招待椅,1950.0,75cm,原木 木 鐵,北歐 復古,https://s-cf-tw.shopeesz.com/file/tw-11134207-7ra0p-mdofdzle3aw3d3,https://shopee.tw/product/179481064/41364322178,客廳
41204015852,不鏽鋼小圓桌 - 客廳沙發邊幾/陽台茶几/床頭櫃三用，極簡金屬+實木拼接設計，小戶型擴容神器 中古風沙發角幾/吧台,1799.0,,實木 木 金屬,小戶型,https://s-cf-tw.shopeesz.com/file/tw-11134207-7rbk9-matq5zqk8xva17,https://shopee.tw/product/179481064/41204015852,書房
41004811601,【設計師款】實木圓桌圓茶几 多巴胺色餐桌客廳小戶型網紅咖啡桌，簡約浪漫彩色木桌北歐風小邊幾，沙發旁/陽台/臥室,4999.0,,實木 木,小戶型 北歐 簡約,https://s-cf-tw.shopeesz.com/file/tw-11134207-7ra0g-mb3q0dku0rjq5d,https://shopee.tw/product/179481064/41004811601,書房
40971018783,高腳沙發邊桌 民宿客廳藝術茶几 仿大理石茶几 輕奢客廳落地裝飾花瓶架 藝術茶几高款邊几 氛圍感神器咖啡廳藝術品展示架,3890.0,,,輕奢,https://s-cf-tw.shopeesz.com/file/tw-11134207-81ztq-mf17ngmjh6vffa,https://shopee.tw/product/179481064/40971018783,書房
40904412133,復古羅馬柱圓邊幾 - 仿洞石茶几客廳角幾，中古風設計款，沙發旁/陽台/民宿臥室/咖啡廳/藝術館擺件，輕奢氛圍,4199.0,,,輕奢 復古,https://s-cf-tw.shopeesz.com/file/tw-11134207-7rbkb-may70aonkfkm90,https://shopee.tw/product/179481064/40904412133,客廳
40904248078,歐式金屬餐椅 - 羊羔絨軟包設計師款，極簡餐桌椅/梳妝凳兩用，客廳餐廳臥室,2799.0,,金屬 絨 羊羔絨,,https://s-cf-tw.shopeesz.com/file/tw-11134207-7rbkb-mawdj53kbv863d,https://shopee.tw/product/179481064/40904248078,客廳
40671033365,北歐懶人沙發 單人靠背榻榻米小豆袋 懶人椅陽台休閒躺椅 懶骨頭舒適躺臥 榻榻米沙發 陽台休閒靠背椅 臥室創意小沙發,3650.0,,,北歐,https://s-cf-tw.shopeesz.com/file/tw-11134207-81ztj-mf191cfhj8r1db,https://shopee.tw/product/179481064/40671033365,客廳
43960898931,網紅ins風格 奶油色多巴胺色圓桌 圓形茶几  北歐小戶型移動邊幾 陽台/客廳/民宿多用 輕便小茶桌 臥室陽台兩用,1599.0,,,小戶型 北歐,https://s-cf-tw.shopeesz.com/file/tw-11134207-7ra0q-mct3jgg846bj5f,https://shopee.tw/product/179481064/43960898931,書房
43514313456,"【設計師款】中古風實木餐椅 - 不銹鋼框架靠背椅 網紅復古餐廳椅 小戶型家用/咖啡廳商用 木+不鏽鋼""材質混搭",1999.0,,實木 木 不鏽鋼,小戶型 復古,https://s-cf-tw.shopeesz.com/file/tw-11134207-7ra0r-mdoe9xq638bp12,https://shopee.tw/product/179481064/43514313456,客廳
43470283186,輕奢公主風旋轉化妝凳 - 臥室梳妝檯椅設計師款 360度旋轉網紅化妝椅 高級感絨面椅 等待區桌椅候診椅會客椅休息區椅子,2590.0,,布 絨 皮革,輕奢 旋轉,https://s-cf-tw.shopeesz.com/file/sg-11134201-8258h-mev5jbk2u6th08,https://shopee.tw/product/179481064/43470283186,客廳
43107027948,曼菲斯設計義式復古餐椅 拚色撞色拼貼設計師款靠背椅 餐廳/民宿/藝術中古風靠背椅/咖啡廳椅，網紅部落客同款拍照神器,999.0,,,復古,https://s-cf-tw.shopeesz.com/file/sg-11134201-7rdxl-mbp5ea5nv8rg95,https://shopee.tw/product/179481064/43107027948,客廳
42725749034,民宿同款圓柱形藝術邊桌 - 黑白極簡仿大理石茶几 沙發旁客廳角几現代極簡 設計師款輕奢家具,3880.0,,,輕奢 現代,https://s-cf-tw.shopeesz.com/file/sg-11134201-825a0-mg6lf82gzor0c3,https://shopee.tw/product/179481064/42725749034,書房
42454864043,馬卡龍色系高腳椅 鐵椅吧檯椅 奶油ins風吧椅 - 陽台休閒椅小戶型咖啡廳/攝影棚專用，彩色高腳椅，網紅打卡拍照神器,1299.0,64CM,鐵,小戶型,https://s-cf-tw.shopeesz.com/file/sg-11134201-7rav7-mb3y75xa7sdyb5,https://shopee.tw/product/179481064/42454864043,客廳
42360743949,蝴蝶結皮質換鞋凳 休息區等待椅 玄關小凳子ins風簡約沙發凳/腳踏凳 設計師同款 PU皮換鞋凳 客廳沙發凳/床頭凳化妝凳,999.0,,,簡約,https://s-cf-tw.shopeesz.com/file/tw-11134207-7ra0o-mcrjc3f43s5b65,https://shopee.tw/product/179481064/42360743949,客廳
42255830250,ins爆款塑膠餐椅 北歐風餐廳家用餐椅辦公椅戶外陽台休閒椅 餐廳椅靠背椅咖啡廳陽台輕便防滑椅可疊放,2299.0,,塑膠,北歐,https://s-cf-tw.shopeesz.com/file/tw-11134207-7ra0l-mbdllqftinyu97,https://shopee.tw/product/179481064/42255830250,客廳
57551150881,客廳小邊桌 圓桌沙發側邊几 臥室床頭櫃置物架 網紅同款 沙發邊幾茶几 多功能床頭小桌 白日夢想家具店,1699.0,,,多功能,https://s-cf-tw.shopeesz.com/file/tw-11134207-81zti-mgxa0rpza8ei4f,https://shopee.tw/product/179481064/57551150881,書房
56701096449,北歐吧檯椅 戶外椅高腳椅塑膠椅靠背酒吧椅 堆疊高腳凳 可收納椅子戶外咖啡廳前台高腳凳 白日夢想家具店,1899.0,75cm,塑膠,北歐,https://s-cf-tw.shopeesz.com/file/tw-11134207-81ztk-mgvwwo2k7ytobc,https://shopee.tw/product/179481064/56701096449,客廳
53801134733,可堆疊復古椅 輕奢鐵椅餐椅 軟包靠背書房椅 家用客廳疊放餐桌椅 咖啡廳復古風靠背椅 客廳書房兩用 可疊放收納,2199.0,,鐵,輕奢 復古,https://s-cf-tw.shopeesz.com/file/sg-11134201-821ga-mgx63hdin8cvd3,https://shopee.tw/product/179481064/53801134733,客廳
47751169808,原木高腳椅吧檯椅 可升降金屬腳鐵椅吧台凳 輕奢家用/咖啡廳 設計師高腳凳 書房/民宿,3999.0,24CM,原木 木 鐵,輕奢 可升降,https://s-cf-tw.shopeesz.com/file/tw-11134207-81ztn-mgx9kq8jsikp3f,https://shopee.tw/product/179481064/47751169808,客廳
44307042010,北歐高腳吧檯椅 實木鐵椅結合 原木質感＋穩固承重 高腳桌吧檯椅 休閒酒吧椅 鐵桌吧台凳 - 原木座面高腳椅 酒吧桌椅組合,1499.0,60x60x105cm,實木 原木 木,北歐,https://s-cf-tw.shopeesz.com/file/sg-11134201-7rdw6-mbp8ksxuo9qu4e,https://shopee.tw/product/179481064/44307042010,書房
